timestamp,zoneId,date,airTemperature,windSpeed,gustSpeed,windDirection,relativeHumidity,dewPointTemperature,precipation,precipationDensity,snowDepth,airPressure,visibility,cloudAmount,presentWeather
1488319200000,Helsinki-Kumpula,2017-03-01 00:00:00,1.3,8.3,12.8,204.0,97.0,0.9,1.7,0.0,9.0,992.4,6790.0,7.0,41.0,
1488326400000,Helsinki-Kumpula,2017-03-01 02:00:00,1.5,6.4,10.0,205.0,96.0,1.0,0.0,0.0,9.0,994.1,25030.0,8.0,0.0,
1488333600000,Helsinki-Kumpula,2017-03-01 04:00:00,1.5,6.8,9.9,204.0,96.0,0.9,0.0,0.0,9.0,994.5,30400.0,8.0,0.0,
1488340800000,Helsinki-Kumpula,2017-03-01 06:00:00,1.3,6.4,11.0,192.0,96.0,0.7,0.0,0.0,9.0,995.7,18230.0,7.0,0.0,
1488348000000,Helsinki-Kumpula,2017-03-01 08:00:00,1.8,5.3,9.2,170.0,96.0,1.2,0.0,0.0,8.0,996.9,19120.0,7.0,0.0,
1488355200000,Helsinki-Kumpula,2017-03-01 10:00:00,2.6,2.7,6.3,156.0,92.0,1.4,0.0,0.0,8.0,997.0,15090.0,7.0,0.0,
1488362400000,Helsinki-Kumpula,2017-03-01 12:00:00,2.6,1.9,3.3,134.0,92.0,1.4,0.0,0.0,8.0,996.0,17580.0,7.0,0.0,
1488369600000,Helsinki-Kumpula,2017-03-01 14:00:00,2.5,2.0,2.6,65.0,94.0,1.7,0.4,0.6,8.0,994.9,7860.0,7.0,61.0,
1488376800000,Helsinki-Kumpula,2017-03-01 16:00:00,1.4,3.3,4.7,66.0,97.0,0.9,1.6,2.0,7.0,994.1,5500.0,7.0,62.0,
1488384000000,Helsinki-Kumpula,2017-03-01 18:00:00,0.3,2.1,2.9,346.0,98.0,0.0,0.9,1.1,7.0,993.0,810.0,7.0,71.0,
1488391200000,Helsinki-Kumpula,2017-03-01 20:00:00,0.2,2.9,3.9,246.0,99.0,0.0,0.1,0.0,8.0,993.3,2210.0,7.0,71.0,
1488398400000,Helsinki-Kumpula,2017-03-01 22:00:00,0.2,3.2,4.7,215.0,99.0,0.1,0.2,0.4,8.0,994.2,6810.0,7.0,85.0,
1488405600000,Helsinki-Kumpula,2017-03-02 00:00:00,0.9,5.0,7.7,194.0,99.0,0.8,0.0,0.0,8.0,994.6,5880.0,7.0,10.0,
1488412800000,Helsinki-Kumpula,2017-03-02 02:00:00,1.2,6.6,9.9,205.0,98.0,1.0,0.4,0.0,8.0,994.4,5870.0,7.0,61.0,
1488420000000,Helsinki-Kumpula,2017-03-02 04:00:00,1.3,6.2,10.2,203.0,97.0,0.9,0.0,0.0,8.0,994.6,7560.0,7.0,10.0,
1488427200000,Helsinki-Kumpula,2017-03-02 06:00:00,1.7,5.9,9.0,170.0,93.0,0.8,0.0,0.0,7.0,994.6,11790.0,7.0,0.0,
1488434400000,Helsinki-Kumpula,2017-03-02 08:00:00,1.7,7.2,11.5,170.0,95.0,1.0,0.1,0.0,7.0,995.1,8890.0,7.0,81.0,
1488441600000,Helsinki-Kumpula,2017-03-02 10:00:00,2.1,6.8,10.3,196.0,94.0,1.3,0.0,0.0,7.0,995.6,11370.0,7.0,23.0,
1488448800000,Helsinki-Kumpula,2017-03-02 12:00:00,2.0,6.5,10.1,202.0,94.0,1.1,0.0,0.0,7.0,996.1,13610.0,8.0,0.0,
1488456000000,Helsinki-Kumpula,2017-03-02 14:00:00,2.0,6.8,10.0,202.0,92.0,0.9,0.0,0.0,7.0,996.3,19320.0,8.0,0.0,
1488463200000,Helsinki-Kumpula,2017-03-02 16:00:00,1.7,5.0,7.2,205.0,91.0,0.5,0.0,0.0,7.0,996.8,24830.0,8.0,0.0,
1488470400000,Helsinki-Kumpula,2017-03-02 18:00:00,1.5,4.2,6.5,210.0,93.0,0.5,0.0,0.0,7.0,997.7,21290.0,8.0,0.0,
1488477600000,Helsinki-Kumpula,2017-03-02 20:00:00,1.3,5.7,9.0,207.0,94.0,0.3,0.0,0.0,6.0,998.0,20370.0,7.0,0.0,
1488484800000,Helsinki-Kumpula,2017-03-02 22:00:00,1.5,4.0,6.2,226.0,94.0,0.7,0.0,0.0,6.0,998.0,14930.0,7.0,0.0,
1488492000000,Helsinki-Kumpula,2017-03-03 00:00:00,1.1,4.2,6.1,208.0,94.0,0.2,0.0,0.0,6.0,998.0,17390.0,8.0,0.0,
1488499200000,Helsinki-Kumpula,2017-03-03 02:00:00,1.1,3.6,5.3,215.0,96.0,0.5,0.0,0.0,6.0,997.9,12410.0,8.0,0.0,
1488506400000,Helsinki-Kumpula,2017-03-03 04:00:00,0.9,3.4,5.5,214.0,96.0,0.4,0.0,0.0,6.0,997.9,11320.0,7.0,0.0,
1488513600000,Helsinki-Kumpula,2017-03-03 06:00:00,0.7,4.7,7.8,209.0,97.0,0.3,0.0,0.0,6.0,998.3,7450.0,7.0,10.0,
1488520800000,Helsinki-Kumpula,2017-03-03 08:00:00,1.1,4.3,6.2,213.0,97.0,0.7,0.0,0.0,6.0,998.7,3790.0,8.0,21.0,
1488528000000,Helsinki-Kumpula,2017-03-03 10:00:00,1.7,3.2,4.9,225.0,95.0,0.9,0.0,0.0,6.0,999.0,8310.0,8.0,40.0,
1488535200000,Helsinki-Kumpula,2017-03-03 12:00:00,1.5,4.2,6.1,203.0,98.0,1.2,0.0,0.0,6.0,999.0,5860.0,7.0,22.0,
1488542400000,Helsinki-Kumpula,2017-03-03 14:00:00,1.2,3.7,5.6,185.0,95.0,0.5,0.0,0.0,6.0,998.8,6340.0,8.0,61.0,
1488549600000,Helsinki-Kumpula,2017-03-03 16:00:00,0.3,3.0,4.9,156.0,98.0,0.0,0.8,1.0,6.0,998.7,1660.0,7.0,71.0,
1488556800000,Helsinki-Kumpula,2017-03-03 18:00:00,0.4,1.8,3.1,197.0,98.0,0.1,0.1,0.0,6.0,998.5,4530.0,7.0,77.0,
1488564000000,Helsinki-Kumpula,2017-03-03 20:00:00,0.2,1.9,2.7,288.0,99.0,0.1,0.0,0.0,6.0,998.7,4500.0,7.0,41.0,
1488571200000,Helsinki-Kumpula,2017-03-03 22:00:00,0.2,2.6,3.9,279.0,98.0,-0.1,0.0,0.0,6.0,999.6,7300.0,7.0,85.0,
1488578400000,Helsinki-Kumpula,2017-03-04 00:00:00,-1.1,2.8,4.5,279.0,97.0,-1.5,0.0,0.0,6.0,1000.9,21100.0,1.0,0.0,
1488585600000,Helsinki-Kumpula,2017-03-04 02:00:00,-1.1,3.2,4.8,262.0,95.0,-1.8,0.0,0.0,6.0,1002.0,41540.0,7.0,0.0,
1488592800000,Helsinki-Kumpula,2017-03-04 04:00:00,-0.9,4.0,5.4,248.0,91.0,-2.2,0.0,0.0,6.0,1003.5,36420.0,8.0,80.0,
1488600000000,Helsinki-Kumpula,2017-03-04 06:00:00,-1.2,3.1,4.9,250.0,90.0,-2.6,0.0,0.0,6.0,1004.5,41700.0,8.0,0.0,
1488607200000,Helsinki-Kumpula,2017-03-04 08:00:00,-0.6,3.7,6.0,267.0,89.0,-2.1,0.0,0.0,6.0,1005.5,9880.0,8.0,77.0,
1488614400000,Helsinki-Kumpula,2017-03-04 10:00:00,0.1,2.4,3.5,294.0,83.0,-2.4,0.0,0.0,6.0,1006.3,28180.0,7.0,41.0,
1488621600000,Helsinki-Kumpula,2017-03-04 12:00:00,-0.3,2.6,4.6,350.0,83.0,-2.8,0.0,0.0,6.0,1007.4,10440.0,8.0,71.0,
1488628800000,Helsinki-Kumpula,2017-03-04 14:00:00,-0.9,3.4,5.3,310.0,74.0,-4.9,0.0,0.0,6.0,1008.6,50000.0,8.0,77.0,
1488636000000,Helsinki-Kumpula,2017-03-04 16:00:00,-2.2,3.9,6.1,337.0,73.0,-6.4,0.0,0.0,6.0,1010.0,50000.0,5.0,0.0,
1488643200000,Helsinki-Kumpula,2017-03-04 18:00:00,-4.0,1.9,2.5,351.0,79.0,-7.1,0.0,0.0,6.0,1010.9,50000.0,0.0,0.0,
1488650400000,Helsinki-Kumpula,2017-03-04 20:00:00,-4.6,2.8,5.1,340.0,82.0,-7.2,0.0,0.0,6.0,1012.3,50000.0,0.0,0.0,
1488657600000,Helsinki-Kumpula,2017-03-04 22:00:00,-5.7,3.6,4.9,351.0,84.0,-8.0,0.0,0.0,6.0,1012.8,50000.0,0.0,0.0,
1488664800000,Helsinki-Kumpula,2017-03-05 00:00:00,-6.7,2.9,4.2,1.0,86.0,-8.6,0.0,0.0,6.0,1013.4,50000.0,0.0,0.0,
1488672000000,Helsinki-Kumpula,2017-03-05 02:00:00,-6.6,3.3,4.8,353.0,84.0,-8.8,0.0,0.0,6.0,1013.9,45140.0,0.0,0.0,
1488679200000,Helsinki-Kumpula,2017-03-05 04:00:00,-7.2,2.5,4.1,12.0,84.0,-9.5,0.0,0.0,6.0,1014.8,50000.0,0.0,0.0,
1488686400000,Helsinki-Kumpula,2017-03-05 06:00:00,-6.9,3.8,6.5,16.0,82.0,-9.5,0.0,0.0,6.0,1015.6,45410.0,1.0,0.0,
1488693600000,Helsinki-Kumpula,2017-03-05 08:00:00,-4.6,4.3,7.5,15.0,73.0,-8.8,0.0,0.0,6.0,1015.9,43360.0,0.0,21.0,
1488700800000,Helsinki-Kumpula,2017-03-05 10:00:00,-2.5,3.3,5.4,20.0,62.0,-8.7,0.0,0.0,6.0,1015.9,32770.0,0.0,0.0,
1488708000000,Helsinki-Kumpula,2017-03-05 12:00:00,-1.3,3.8,6.3,17.0,56.0,-8.9,0.0,0.0,6.0,1015.5,38470.0,0.0,0.0,
1488715200000,Helsinki-Kumpula,2017-03-05 14:00:00,-0.5,3.6,5.6,30.0,48.0,-10.3,0.0,0.0,6.0,1015.2,50000.0,0.0,0.0,
1488722400000,Helsinki-Kumpula,2017-03-05 16:00:00,-1.6,3.7,6.0,30.0,52.0,-10.2,0.0,0.0,6.0,1015.8,50000.0,0.0,0.0,
1488729600000,Helsinki-Kumpula,2017-03-05 18:00:00,-2.8,4.2,6.0,3.0,60.0,-9.6,0.0,0.0,6.0,1016.6,41600.0,0.0,0.0,
1488736800000,Helsinki-Kumpula,2017-03-05 20:00:00,-4.2,3.6,6.0,11.0,67.0,-9.4,0.0,0.0,6.0,1017.2,44660.0,0.0,0.0,
1488744000000,Helsinki-Kumpula,2017-03-05 22:00:00,-4.8,5.1,8.1,27.0,70.0,-9.5,0.0,0.0,6.0,1017.7,50000.0,0.0,0.0,
1488751200000,Helsinki-Kumpula,2017-03-06 00:00:00,-5.7,5.0,8.4,32.0,78.0,-9.0,0.0,0.0,6.0,1018.3,50000.0,0.0,0.0,
1488758400000,Helsinki-Kumpula,2017-03-06 02:00:00,-6.7,4.4,6.5,26.0,83.0,-9.2,0.0,0.0,7.0,1018.8,50000.0,0.0,0.0,
1488765600000,Helsinki-Kumpula,2017-03-06 04:00:00,-7.5,4.9,7.8,25.0,86.0,-9.5,0.0,0.0,6.0,1020.0,45950.0,0.0,0.0,
1488772800000,Helsinki-Kumpula,2017-03-06 06:00:00,-7.7,4.8,7.3,24.0,85.0,-9.8,0.0,0.0,7.0,1021.2,26540.0,0.0,0.0,
1488780000000,Helsinki-Kumpula,2017-03-06 08:00:00,-4.8,4.4,6.9,32.0,71.0,-9.2,0.0,0.0,6.0,1021.9,27130.0,0.0,0.0,
1488787200000,Helsinki-Kumpula,2017-03-06 10:00:00,-3.0,8.3,12.5,45.0,60.0,-9.6,0.0,0.0,6.0,1021.9,23890.0,0.0,0.0,
1488794400000,Helsinki-Kumpula,2017-03-06 12:00:00,-1.4,7.8,12.5,63.0,52.0,-10.0,0.0,0.0,7.0,1021.7,32760.0,0.0,0.0,
1488801600000,Helsinki-Kumpula,2017-03-06 14:00:00,-0.8,7.5,12.9,59.0,47.0,-10.6,0.0,0.0,6.0,1021.7,29760.0,0.0,0.0,
1488808800000,Helsinki-Kumpula,2017-03-06 16:00:00,-1.8,5.6,10.3,39.0,50.0,-10.8,0.0,0.0,6.0,1021.8,48790.0,0.0,0.0,
1488816000000,Helsinki-Kumpula,2017-03-06 18:00:00,-2.9,6.6,10.5,38.0,54.0,-10.9,0.0,0.0,6.0,1022.1,50000.0,0.0,0.0,
1488823200000,Helsinki-Kumpula,2017-03-06 20:00:00,-3.8,8.0,12.7,37.0,61.0,-10.3,0.0,0.0,6.0,1022.3,48310.0,0.0,0.0,
1488830400000,Helsinki-Kumpula,2017-03-06 22:00:00,-4.5,7.3,13.6,44.0,68.0,-9.6,0.0,0.0,6.0,1022.1,33350.0,0.0,0.0,
1488837600000,Helsinki-Kumpula,2017-03-07 00:00:00,-5.3,7.6,11.7,38.0,73.0,-9.4,0.0,0.0,6.0,1021.4,50000.0,0.0,0.0,
1488844800000,Helsinki-Kumpula,2017-03-07 02:00:00,-5.0,8.1,12.5,41.0,72.0,-9.2,0.0,0.0,6.0,1020.6,50000.0,7.0,0.0,
1488852000000,Helsinki-Kumpula,2017-03-07 04:00:00,-4.3,7.7,14.3,46.0,68.0,-9.4,0.0,0.0,6.0,1020.3,48900.0,7.0,0.0,
1488859200000,Helsinki-Kumpula,2017-03-07 06:00:00,-3.6,8.2,15.0,49.0,64.0,-9.5,0.0,0.0,6.0,1019.6,31580.0,7.0,0.0,
1488866400000,Helsinki-Kumpula,2017-03-07 08:00:00,-2.8,10.5,18.0,57.0,60.0,-9.6,0.0,0.0,6.0,1019.5,30250.0,7.0,77.0,
1488873600000,Helsinki-Kumpula,2017-03-07 10:00:00,-2.3,10.4,18.0,67.0,64.0,-8.2,0.0,0.0,6.0,1019.4,22180.0,7.0,0.0,
1488880800000,Helsinki-Kumpula,2017-03-07 12:00:00,-2.4,10.7,17.4,64.0,70.0,-7.2,0.0,0.0,6.0,1019.0,17030.0,8.0,71.0,
1488888000000,Helsinki-Kumpula,2017-03-07 14:00:00,-2.0,9.4,19.5,63.0,74.0,-6.1,0.0,0.0,6.0,1018.1,12040.0,8.0,71.0,
1488895200000,Helsinki-Kumpula,2017-03-07 16:00:00,-1.4,10.8,16.7,66.0,70.0,-6.2,0.0,0.0,6.0,1017.6,41730.0,8.0,21.0,
1488902400000,Helsinki-Kumpula,2017-03-07 18:00:00,-1.8,9.8,16.6,66.0,82.0,-4.6,0.1,0.2,6.0,1017.2,3090.0,7.0,71.0,
1488909600000,Helsinki-Kumpula,2017-03-07 20:00:00,-0.7,10.3,15.6,73.0,73.0,-5.0,0.0,0.0,6.0,1015.7,24300.0,8.0,80.0,
1488916800000,Helsinki-Kumpula,2017-03-07 22:00:00,-1.7,8.3,13.4,70.0,97.0,-2.1,1.3,1.0,6.0,1014.7,1850.0,7.0,72.0,
1488924000000,Helsinki-Kumpula,2017-03-08 00:00:00,-1.1,6.9,11.1,77.0,98.0,-1.3,0.7,1.4,7.0,1014.1,1320.0,8.0,71.0,
1488931200000,Helsinki-Kumpula,2017-03-08 02:00:00,-0.5,6.7,10.2,110.0,99.0,-0.6,0.8,0.5,9.0,1013.5,2010.0,8.0,71.0,
1488938400000,Helsinki-Kumpula,2017-03-08 04:00:00,-0.3,6.1,10.9,146.0,99.0,-0.4,0.2,0.0,10.0,1014.1,7370.0,8.0,71.0,
1488945600000,Helsinki-Kumpula,2017-03-08 06:00:00,0.3,6.7,10.4,134.0,99.0,0.1,0.0,0.0,10.0,1015.2,35910.0,8.0,22.0,
1488952800000,Helsinki-Kumpula,2017-03-08 08:00:00,0.7,6.6,12.8,144.0,97.0,0.3,0.0,0.0,10.0,1016.1,47860.0,8.0,80.0,
1488960000000,Helsinki-Kumpula,2017-03-08 10:00:00,0.7,8.3,12.7,147.0,93.0,-0.4,0.0,0.0,10.0,1016.6,38930.0,8.0,71.0,
1488967200000,Helsinki-Kumpula,2017-03-08 12:00:00,1.3,6.6,12.7,158.0,88.0,-0.4,0.0,0.0,10.0,1017.4,34720.0,8.0,71.0,
1488974400000,Helsinki-Kumpula,2017-03-08 14:00:00,0.8,8.0,14.3,175.0,85.0,-1.4,0.0,0.0,10.0,1018.1,26740.0,8.0,71.0,
1488981600000,Helsinki-Kumpula,2017-03-08 16:00:00,0.4,8.6,13.4,185.0,81.0,-2.5,0.0,0.0,9.0,1018.4,25710.0,7.0,85.0,
1488988800000,Helsinki-Kumpula,2017-03-08 18:00:00,0.3,8.6,13.8,190.0,70.0,-4.6,0.0,0.0,9.0,1018.9,48580.0,8.0,41.0,
1488996000000,Helsinki-Kumpula,2017-03-08 20:00:00,0.0,5.8,9.3,189.0,83.0,-2.6,0.0,0.0,9.0,1019.0,17010.0,8.0,71.0,
1489003200000,Helsinki-Kumpula,2017-03-08 22:00:00,-0.2,6.6,10.7,190.0,82.0,-3.0,0.0,0.0,9.0,1019.1,50000.0,7.0,80.0,
1489010400000,Helsinki-Kumpula,2017-03-09 00:00:00,-0.1,6.5,11.6,195.0,78.0,-3.5,0.0,0.0,9.0,1019.1,29810.0,8.0,71.0,
1489017600000,Helsinki-Kumpula,2017-03-09 02:00:00,0.0,5.5,10.1,180.0,86.0,-2.0,0.0,0.0,9.0,1019.1,36760.0,8.0,0.0,
1489024800000,Helsinki-Kumpula,2017-03-09 04:00:00,0.2,3.9,7.3,183.0,90.0,-1.2,0.1,0.0,10.0,1018.6,26490.0,8.0,22.0,
1489032000000,Helsinki-Kumpula,2017-03-09 06:00:00,0.2,5.2,7.4,172.0,86.0,-1.8,0.0,0.0,9.0,1018.7,22210.0,5.0,0.0,
1489039200000,Helsinki-Kumpula,2017-03-09 08:00:00,1.0,4.2,7.4,152.0,85.0,-1.2,0.0,0.0,9.0,1018.5,17210.0,8.0,0.0,
1489046400000,Helsinki-Kumpula,2017-03-09 10:00:00,1.5,4.3,8.1,159.0,81.0,-1.4,0.0,0.0,9.0,1017.7,18740.0,8.0,0.0,
1489053600000,Helsinki-Kumpula,2017-03-09 12:00:00,2.6,2.5,4.7,156.0,76.0,-1.2,0.0,0.0,9.0,1017.5,21100.0,7.0,0.0,
1489060800000,Helsinki-Kumpula,2017-03-09 14:00:00,2.4,4.3,7.7,174.0,78.0,-1.0,0.0,0.0,8.0,1016.8,14960.0,8.0,52.0,
1489068000000,Helsinki-Kumpula,2017-03-09 16:00:00,1.1,5.0,7.8,174.0,93.0,0.1,0.6,0.9,8.0,1016.3,5710.0,7.0,67.0,
1489075200000,Helsinki-Kumpula,2017-03-09 18:00:00,1.8,4.3,7.6,161.0,82.0,-1.0,0.0,0.0,8.0,1015.9,17830.0,8.0,51.0,
1489082400000,Helsinki-Kumpula,2017-03-09 20:00:00,1.6,3.6,5.7,156.0,80.0,-1.5,0.0,0.0,8.0,1015.3,33070.0,8.0,0.0,
1489089600000,Helsinki-Kumpula,2017-03-09 22:00:00,1.2,3.1,4.2,115.0,81.0,-1.8,0.0,0.0,8.0,1014.8,35570.0,8.0,0.0,
1489096800000,Helsinki-Kumpula,2017-03-10 00:00:00,1.0,1.9,3.0,124.0,83.0,-1.7,0.0,0.0,8.0,1014.4,34690.0,8.0,0.0,
1489104000000,Helsinki-Kumpula,2017-03-10 02:00:00,0.3,2.0,2.8,120.0,87.0,-1.7,0.0,0.0,8.0,1013.7,24940.0,7.0,0.0,
1489111200000,Helsinki-Kumpula,2017-03-10 04:00:00,-0.6,1.4,1.8,97.0,92.0,-1.7,0.0,0.0,8.0,1013.1,16040.0,3.0,0.0,
1489118400000,Helsinki-Kumpula,2017-03-10 06:00:00,-0.5,1.7,2.2,85.0,94.0,-1.4,0.0,0.0,8.0,1013.4,11370.0,8.0,0.0,
1489125600000,Helsinki-Kumpula,2017-03-10 08:00:00,2.2,2.0,3.3,179.0,79.0,-1.0,0.0,0.0,8.0,1014.0,18690.0,7.0,0.0,
1489132800000,Helsinki-Kumpula,2017-03-10 10:00:00,4.2,1.4,2.3,72.0,71.0,-0.7,0.0,0.0,8.0,1014.2,19690.0,7.0,0.0,
1489140000000,Helsinki-Kumpula,2017-03-10 12:00:00,3.8,2.9,4.5,199.0,78.0,0.4,0.0,0.0,7.0,1014.3,12640.0,5.0,0.0,
1489147200000,Helsinki-Kumpula,2017-03-10 14:00:00,2.4,3.5,4.6,214.0,86.0,0.3,0.0,0.0,7.0,1014.6,10190.0,8.0,10.0,
1489154400000,Helsinki-Kumpula,2017-03-10 16:00:00,1.8,3.8,5.0,204.0,93.0,0.7,0.0,0.0,7.0,1014.8,7380.0,8.0,10.0,
1489161600000,Helsinki-Kumpula,2017-03-10 18:00:00,0.9,2.8,3.9,213.0,97.0,0.5,0.0,0.0,7.0,1015.6,2500.0,7.0,52.0,
1489168800000,Helsinki-Kumpula,2017-03-10 20:00:00,0.8,2.5,3.8,223.0,98.0,0.6,0.0,0.0,7.0,1016.1,2600.0,7.0,10.0,
1489176000000,Helsinki-Kumpula,2017-03-10 22:00:00,1.1,3.7,5.6,242.0,98.0,0.9,0.1,0.0,7.0,1016.5,7190.0,8.0,81.0,
1489183200000,Helsinki-Kumpula,2017-03-11 00:00:00,0.9,3.4,4.7,247.0,99.0,0.7,0.0,0.0,7.0,1017.0,2050.0,7.0,10.0,
1489190400000,Helsinki-Kumpula,2017-03-11 02:00:00,0.9,2.3,3.3,239.0,99.0,0.8,0.0,0.0,7.0,1017.5,2850.0,8.0,20.0,
1489197600000,Helsinki-Kumpula,2017-03-11 04:00:00,0.8,2.2,3.0,265.0,99.0,0.7,0.1,0.0,7.0,1018.3,7450.0,8.0,77.0,
1489204800000,Helsinki-Kumpula,2017-03-11 06:00:00,1.1,1.7,3.3,305.0,99.0,1.0,0.0,0.0,7.0,1019.3,16160.0,7.0,0.0,
1489212000000,Helsinki-Kumpula,2017-03-11 08:00:00,2.5,2.7,4.3,303.0,80.0,-0.7,0.0,0.0,6.0,1020.5,49860.0,0.0,0.0,
1489219200000,Helsinki-Kumpula,2017-03-11 10:00:00,4.2,2.9,4.4,291.0,61.0,-2.7,0.0,0.0,6.0,1021.5,49580.0,0.0,0.0,
1489226400000,Helsinki-Kumpula,2017-03-11 12:00:00,5.3,2.9,4.1,235.0,53.0,-3.6,0.0,0.0,6.0,1021.9,48410.0,0.0,0.0,
1489233600000,Helsinki-Kumpula,2017-03-11 14:00:00,6.0,1.3,2.8,277.0,49.0,-3.9,0.0,0.0,6.0,1022.1,50000.0,0.0,0.0,
1489240800000,Helsinki-Kumpula,2017-03-11 16:00:00,3.8,2.6,4.0,265.0,61.0,-3.1,0.0,0.0,6.0,1023.0,50000.0,0.0,0.0,
1489248000000,Helsinki-Kumpula,2017-03-11 18:00:00,1.4,3.3,4.0,248.0,73.0,-3.0,0.0,0.0,6.0,1024.2,50000.0,0.0,0.0,
1489255200000,Helsinki-Kumpula,2017-03-11 20:00:00,0.2,3.3,4.1,245.0,78.0,-3.1,0.0,0.0,6.0,1024.9,50000.0,0.0,0.0,
1489262400000,Helsinki-Kumpula,2017-03-11 22:00:00,-0.9,3.4,4.7,261.0,86.0,-2.9,0.0,0.0,6.0,1025.2,49270.0,0.0,0.0,
1489269600000,Helsinki-Kumpula,2017-03-12 00:00:00,-1.4,2.6,3.3,246.0,92.0,-2.5,0.0,0.0,6.0,1025.5,44200.0,0.0,0.0,
1489276800000,Helsinki-Kumpula,2017-03-12 02:00:00,-2.0,1.9,2.3,217.0,95.0,-2.7,0.0,0.0,6.0,1025.8,31870.0,0.0,0.0,
1489284000000,Helsinki-Kumpula,2017-03-12 04:00:00,-2.7,2.7,3.6,223.0,97.0,-3.1,0.0,0.0,6.0,1025.9,23880.0,0.0,0.0,
1489291200000,Helsinki-Kumpula,2017-03-12 06:00:00,-1.8,3.2,5.4,220.0,97.0,-2.2,0.0,0.0,6.0,1026.1,40500.0,0.0,0.0,
1489298400000,Helsinki-Kumpula,2017-03-12 08:00:00,-1.4,4.7,6.6,189.0,98.0,-1.6,0.0,0.0,6.0,1026.6,1200.0,7.0,71.0,
1489305600000,Helsinki-Kumpula,2017-03-12 10:00:00,0.0,4.5,6.4,201.0,97.0,-0.4,0.0,0.0,6.0,1026.7,41110.0,7.0,24.0,
1489312800000,Helsinki-Kumpula,2017-03-12 12:00:00,1.9,5.0,7.3,203.0,80.0,-1.1,0.0,0.0,6.0,1025.5,49820.0,0.0,0.0,
1489320000000,Helsinki-Kumpula,2017-03-12 14:00:00,-0.3,6.6,9.5,204.0,92.0,-1.4,0.0,0.0,6.0,1025.2,50000.0,5.0,0.0,
1489327200000,Helsinki-Kumpula,2017-03-12 16:00:00,-1.1,5.8,8.7,205.0,95.0,-1.7,0.0,0.0,6.0,1024.7,50000.0,8.0,0.0,
1489334400000,Helsinki-Kumpula,2017-03-12 18:00:00,-1.2,5.1,8.3,214.0,96.0,-1.8,0.0,0.0,6.0,1024.8,24960.0,7.0,0.0,
1489341600000,Helsinki-Kumpula,2017-03-12 20:00:00,-0.9,4.5,7.1,217.0,96.0,-1.4,0.0,0.0,6.0,1024.8,37660.0,8.0,0.0,
1489348800000,Helsinki-Kumpula,2017-03-12 22:00:00,-0.4,5.6,8.1,214.0,95.0,-1.1,0.0,0.0,6.0,1024.5,50000.0,8.0,0.0,
1489356000000,Helsinki-Kumpula,2017-03-13 00:00:00,-0.3,6.3,8.5,212.0,97.0,-0.7,0.0,0.0,6.0,1024.3,23970.0,8.0,0.0,
1489363200000,Helsinki-Kumpula,2017-03-13 02:00:00,0.0,6.0,9.0,219.0,97.0,-0.4,0.0,0.0,6.0,1024.1,23980.0,8.0,0.0,
1489370400000,Helsinki-Kumpula,2017-03-13 04:00:00,0.2,4.7,8.0,216.0,97.0,-0.2,0.0,0.0,6.0,1024.3,18950.0,8.0,0.0,
1489377600000,Helsinki-Kumpula,2017-03-13 06:00:00,0.3,4.9,7.4,216.0,97.0,0.0,0.0,0.0,6.0,1024.6,16600.0,8.0,0.0,
1489384800000,Helsinki-Kumpula,2017-03-13 08:00:00,0.8,4.7,8.1,218.0,95.0,0.2,0.0,0.0,6.0,1024.9,19770.0,8.0,0.0,
1489392000000,Helsinki-Kumpula,2017-03-13 10:00:00,1.3,5.8,8.2,214.0,93.0,0.3,0.0,0.0,6.0,1025.0,19720.0,8.0,0.0,
1489399200000,Helsinki-Kumpula,2017-03-13 12:00:00,1.4,5.7,8.1,201.0,92.0,0.3,0.0,0.0,6.0,1025.0,22170.0,8.0,0.0,
1489406400000,Helsinki-Kumpula,2017-03-13 14:00:00,0.9,6.8,9.0,202.0,94.0,0.0,0.0,0.0,6.0,1024.6,23990.0,8.0,0.0,
1489413600000,Helsinki-Kumpula,2017-03-13 16:00:00,0.9,7.0,10.0,214.0,95.0,0.1,0.0,0.0,5.0,1024.4,23340.0,8.0,0.0,
1489420800000,Helsinki-Kumpula,2017-03-13 18:00:00,0.6,6.4,10.0,218.0,95.0,-0.1,0.0,0.0,5.0,1024.2,30560.0,8.0,0.0,
1489428000000,Helsinki-Kumpula,2017-03-13 20:00:00,0.5,5.2,7.4,210.0,94.0,-0.3,0.0,0.0,5.0,1024.1,38750.0,8.0,0.0,
1489435200000,Helsinki-Kumpula,2017-03-13 22:00:00,0.0,6.5,9.1,217.0,90.0,-1.3,0.0,0.0,5.0,1024.1,50000.0,8.0,0.0,
1489442400000,Helsinki-Kumpula,2017-03-14 00:00:00,-0.5,7.1,11.5,206.0,88.0,-2.2,0.0,0.0,5.0,1023.5,50000.0,8.0,0.0,
1489449600000,Helsinki-Kumpula,2017-03-14 02:00:00,-0.8,7.0,9.9,206.0,90.0,-2.2,0.0,0.0,5.0,1022.8,50000.0,8.0,0.0,
1489456800000,Helsinki-Kumpula,2017-03-14 04:00:00,-0.6,7.1,11.0,197.0,89.0,-2.2,0.0,0.0,5.0,1022.0,50000.0,8.0,0.0,
1489464000000,Helsinki-Kumpula,2017-03-14 06:00:00,-0.3,7.0,10.9,188.0,88.0,-2.1,0.0,0.0,5.0,1021.4,50000.0,7.0,0.0,
1489471200000,Helsinki-Kumpula,2017-03-14 08:00:00,0.4,6.0,9.3,185.0,90.0,-1.1,0.0,0.0,5.0,1020.5,20200.0,8.0,0.0,
1489478400000,Helsinki-Kumpula,2017-03-14 10:00:00,0.6,8.2,11.8,194.0,93.0,-0.4,0.0,0.0,2.0,1019.6,12130.0,8.0,80.0,
1489485600000,Helsinki-Kumpula,2017-03-14 12:00:00,1.2,7.7,11.5,193.0,90.0,-0.2,0.0,0.0,2.0,1018.2,15080.0,7.0,0.0,
1489492800000,Helsinki-Kumpula,2017-03-14 14:00:00,1.6,5.9,10.0,192.0,87.0,-0.3,0.0,0.0,2.0,1016.5,15820.0,7.0,0.0,
1489500000000,Helsinki-Kumpula,2017-03-14 16:00:00,1.8,7.1,12.7,173.0,84.0,-0.6,0.0,0.0,2.0,1013.5,15390.0,8.0,0.0,
1489507200000,Helsinki-Kumpula,2017-03-14 18:00:00,2.1,8.3,13.5,170.0,81.0,-0.9,0.0,0.0,0.0,1010.4,15450.0,8.0,0.0,
1489514400000,Helsinki-Kumpula,2017-03-14 20:00:00,1.2,9.4,15.4,196.0,91.0,0.0,0.3,1.1,0.0,1006.4,2640.0,8.0,71.0,
1489521600000,Helsinki-Kumpula,2017-03-14 22:00:00,0.3,9.3,14.9,193.0,99.0,0.1,1.0,1.0,2.0,1002.7,1200.0,8.0,71.0,
1489528800000,Helsinki-Kumpula,2017-03-15 00:00:00,1.5,8.3,13.0,211.0,99.0,1.3,2.0,1.4,0.0,1000.1,6610.0,8.0,61.0,
1489536000000,Helsinki-Kumpula,2017-03-15 02:00:00,2.4,6.0,9.3,211.0,99.0,2.2,0.0,0.0,2.0,998.7,6000.0,8.0,10.0,
1489543200000,Helsinki-Kumpula,2017-03-15 04:00:00,2.3,6.1,7.9,204.0,98.0,2.0,0.0,0.0,0.0,998.0,11620.0,8.0,10.0,
1489550400000,Helsinki-Kumpula,2017-03-15 06:00:00,2.8,4.6,7.9,233.0,94.0,1.9,0.0,0.0,2.0,998.2,20880.0,8.0,0.0,
1489557600000,Helsinki-Kumpula,2017-03-15 08:00:00,4.1,5.1,7.6,236.0,80.0,1.0,0.0,0.0,2.0,998.1,24440.0,1.0,0.0,
1489564800000,Helsinki-Kumpula,2017-03-15 10:00:00,6.0,6.6,9.5,239.0,69.0,0.7,0.0,0.0,0.0,997.9,36520.0,0.0,0.0,
1489572000000,Helsinki-Kumpula,2017-03-15 12:00:00,6.9,5.2,7.9,210.0,66.0,0.9,0.0,0.0,NaN,998.7,29670.0,0.0,0.0,
1489579200000,Helsinki-Kumpula,2017-03-15 14:00:00,7.2,5.9,8.5,211.0,61.0,0.2,0.0,0.0,NaN,999.0,37680.0,5.0,0.0,
1489586400000,Helsinki-Kumpula,2017-03-15 16:00:00,4.4,5.7,7.9,210.0,70.0,-0.7,0.0,0.0,NaN,1000.1,49240.0,8.0,0.0,
1489593600000,Helsinki-Kumpula,2017-03-15 18:00:00,4.1,4.9,6.7,218.0,68.0,-1.4,0.0,0.0,NaN,1000.9,50000.0,7.0,22.0,
1489600800000,Helsinki-Kumpula,2017-03-15 20:00:00,3.0,4.7,6.9,227.0,72.0,-1.6,0.0,0.0,NaN,1001.0,50000.0,7.0,0.0,
1489608000000,Helsinki-Kumpula,2017-03-15 22:00:00,2.5,3.7,5.0,247.0,69.0,-2.6,0.0,0.0,NaN,1001.6,50000.0,7.0,0.0,
1489615200000,Helsinki-Kumpula,2017-03-16 00:00:00,2.2,4.9,6.8,238.0,71.0,-2.5,0.0,0.0,NaN,1001.9,50000.0,1.0,0.0,
1489622400000,Helsinki-Kumpula,2017-03-16 02:00:00,1.2,5.6,8.0,244.0,72.0,-3.3,0.0,0.0,NaN,1002.1,50000.0,0.0,0.0,
1489629600000,Helsinki-Kumpula,2017-03-16 04:00:00,0.0,3.8,5.0,257.0,79.0,-3.3,0.0,0.0,NaN,1003.1,50000.0,0.0,0.0,
1489636800000,Helsinki-Kumpula,2017-03-16 06:00:00,1.1,4.3,6.5,269.0,77.0,-2.4,0.0,0.0,NaN,1004.9,47870.0,0.0,0.0,
1489644000000,Helsinki-Kumpula,2017-03-16 08:00:00,4.6,4.2,6.7,283.0,65.0,-1.5,0.0,0.0,NaN,1006.2,30330.0,0.0,0.0,
1489651200000,Helsinki-Kumpula,2017-03-16 10:00:00,6.3,4.5,6.9,257.0,57.0,-1.6,0.0,0.0,NaN,1007.5,39150.0,0.0,0.0,
1489658400000,Helsinki-Kumpula,2017-03-16 12:00:00,7.5,5.8,9.9,267.0,48.0,-2.8,0.0,0.0,NaN,1008.3,38150.0,0.0,0.0,
1489665600000,Helsinki-Kumpula,2017-03-16 14:00:00,8.1,5.5,9.5,274.0,40.0,-4.8,0.0,0.0,NaN,1008.9,43820.0,0.0,0.0,
1489672800000,Helsinki-Kumpula,2017-03-16 16:00:00,5.3,4.6,6.9,245.0,53.0,-3.4,0.0,0.0,NaN,1009.5,50000.0,0.0,0.0,
1489680000000,Helsinki-Kumpula,2017-03-16 18:00:00,3.1,4.9,6.8,239.0,63.0,-3.2,0.0,0.0,NaN,1009.8,50000.0,0.0,0.0,
1489687200000,Helsinki-Kumpula,2017-03-16 20:00:00,0.8,5.2,7.5,208.0,79.0,-2.4,0.0,0.0,NaN,1009.1,41870.0,0.0,0.0,
1489694400000,Helsinki-Kumpula,2017-03-16 22:00:00,1.0,5.9,10.4,203.0,82.0,-1.7,0.0,0.0,NaN,1007.7,41820.0,7.0,0.0,
1489701600000,Helsinki-Kumpula,2017-03-17 00:00:00,0.9,6.6,9.9,192.0,81.0,-2.0,0.0,0.0,NaN,1005.6,48720.0,5.0,0.0,
1489708800000,Helsinki-Kumpula,2017-03-17 02:00:00,1.8,7.4,11.8,175.0,76.0,-1.9,0.0,0.0,NaN,1002.2,49850.0,7.0,0.0,
1489716000000,Helsinki-Kumpula,2017-03-17 04:00:00,1.7,7.7,14.2,176.0,83.0,-0.9,0.1,0.0,NaN,999.0,7620.0,7.0,52.0,
1489723200000,Helsinki-Kumpula,2017-03-17 06:00:00,1.4,8.4,14.2,175.0,95.0,0.7,0.7,1.7,0.0,996.0,6040.0,7.0,61.0,
1489730400000,Helsinki-Kumpula,2017-03-17 08:00:00,2.1,9.4,14.1,173.0,97.0,1.7,0.4,0.5,0.0,993.5,5080.0,7.0,61.0,
1489737600000,Helsinki-Kumpula,2017-03-17 10:00:00,3.0,8.5,13.4,175.0,97.0,2.6,0.8,1.8,0.0,991.1,6810.0,7.0,61.0,
1489744800000,Helsinki-Kumpula,2017-03-17 12:00:00,3.0,10.1,16.1,199.0,96.0,2.5,0.5,0.0,0.0,990.0,6930.0,7.0,52.0,
1489752000000,Helsinki-Kumpula,2017-03-17 14:00:00,2.8,8.2,11.9,209.0,94.0,2.0,0.0,0.0,0.0,990.5,10870.0,7.0,80.0,
1489759200000,Helsinki-Kumpula,2017-03-17 16:00:00,2.1,6.3,9.8,203.0,91.0,0.8,0.0,0.0,0.0,991.0,35680.0,7.0,0.0,
1489766400000,Helsinki-Kumpula,2017-03-17 18:00:00,1.8,7.3,11.1,201.0,88.0,0.0,0.0,0.0,0.0,991.2,30120.0,5.0,0.0,
1489773600000,Helsinki-Kumpula,2017-03-17 20:00:00,1.8,7.3,12.5,207.0,85.0,-0.5,0.0,0.0,0.0,990.7,36800.0,0.0,0.0,
1489780800000,Helsinki-Kumpula,2017-03-17 22:00:00,1.2,7.7,12.2,201.0,88.0,-0.6,0.0,0.0,0.0,990.4,28760.0,0.0,0.0,
1489788000000,Helsinki-Kumpula,2017-03-18 00:00:00,0.9,6.5,10.1,202.0,90.0,-0.5,0.0,0.0,0.0,989.7,27470.0,0.0,0.0,
1489795200000,Helsinki-Kumpula,2017-03-18 02:00:00,0.8,6.0,9.0,197.0,93.0,-0.2,0.0,0.0,0.0,989.3,25300.0,7.0,0.0,
1489802400000,Helsinki-Kumpula,2017-03-18 04:00:00,1.1,6.7,10.8,204.0,93.0,0.1,0.0,0.0,0.0,989.7,23920.0,8.0,0.0,
1489809600000,Helsinki-Kumpula,2017-03-18 06:00:00,1.4,5.8,9.2,195.0,93.0,0.4,0.0,0.0,0.0,989.8,21090.0,8.0,0.0,
1489816800000,Helsinki-Kumpula,2017-03-18 08:00:00,2.2,5.9,8.8,192.0,90.0,0.7,0.0,0.0,0.0,990.1,21830.0,8.0,0.0,
1489824000000,Helsinki-Kumpula,2017-03-18 10:00:00,2.1,6.8,9.3,194.0,91.0,0.7,0.0,0.0,0.0,990.7,21940.0,8.0,80.0,
1489831200000,Helsinki-Kumpula,2017-03-18 12:00:00,2.3,5.2,8.1,197.0,89.0,0.7,0.0,0.0,0.0,991.2,20600.0,8.0,0.0,
1489838400000,Helsinki-Kumpula,2017-03-18 14:00:00,2.2,3.2,6.3,209.0,90.0,0.7,0.0,0.0,0.0,991.8,20270.0,8.0,21.0,
1489845600000,Helsinki-Kumpula,2017-03-18 16:00:00,2.4,2.2,3.3,170.0,88.0,0.7,0.0,0.0,0.0,992.6,24520.0,8.0,0.0,
1489852800000,Helsinki-Kumpula,2017-03-18 18:00:00,1.7,2.1,3.2,200.0,93.0,0.7,0.0,0.0,0.0,993.4,18920.0,8.0,0.0,
1489860000000,Helsinki-Kumpula,2017-03-18 20:00:00,1.2,2.8,4.1,220.0,95.0,0.4,0.0,0.0,0.0,994.6,15300.0,8.0,0.0,
1489867200000,Helsinki-Kumpula,2017-03-18 22:00:00,0.6,1.2,2.1,247.0,97.0,0.1,0.0,0.0,0.0,995.5,10550.0,7.0,0.0,
1489874400000,Helsinki-Kumpula,2017-03-19 00:00:00,-0.1,1.4,2.1,220.0,98.0,-0.4,0.0,0.0,0.0,996.5,2920.0,8.0,10.0,
1489881600000,Helsinki-Kumpula,2017-03-19 02:00:00,-0.3,0.5,1.7,252.0,99.0,-0.5,0.0,0.0,0.0,997.5,920.0,8.0,30.0,
1489888800000,Helsinki-Kumpula,2017-03-19 04:00:00,-0.2,1.4,2.6,325.0,99.0,-0.3,0.0,0.0,0.0,998.9,2220.0,8.0,22.0,
1489896000000,Helsinki-Kumpula,2017-03-19 06:00:00,0.5,1.5,2.8,352.0,98.0,0.3,0.0,0.0,0.0,1000.1,10430.0,8.0,41.0,
1489903200000,Helsinki-Kumpula,2017-03-19 08:00:00,1.0,2.0,4.1,9.0,91.0,-0.2,0.0,0.0,0.0,1001.1,37880.0,8.0,41.0,
1489910400000,Helsinki-Kumpula,2017-03-19 10:00:00,1.8,1.3,2.0,86.0,87.0,-0.2,0.0,0.0,0.0,1001.9,40580.0,8.0,0.0,
1489917600000,Helsinki-Kumpula,2017-03-19 12:00:00,2.1,1.4,2.2,111.0,85.0,-0.2,0.0,0.0,0.0,1002.6,35410.0,8.0,0.0,
1489924800000,Helsinki-Kumpula,2017-03-19 14:00:00,2.0,1.3,2.3,163.0,87.0,0.0,0.0,0.0,0.0,1003.2,26240.0,8.0,41.0,
1489932000000,Helsinki-Kumpula,2017-03-19 16:00:00,1.1,1.0,2.0,203.0,90.0,-0.3,0.0,0.0,0.0,1003.6,26630.0,8.0,21.0,
1489939200000,Helsinki-Kumpula,2017-03-19 18:00:00,0.3,3.1,4.6,218.0,96.0,-0.3,0.0,0.0,0.0,1004.0,13100.0,7.0,0.0,
1489946400000,Helsinki-Kumpula,2017-03-19 20:00:00,-0.5,2.0,2.6,226.0,95.0,-1.2,0.0,0.0,0.0,1003.9,18900.0,1.0,0.0,
1489953600000,Helsinki-Kumpula,2017-03-19 22:00:00,-0.7,0.0,0.7,0.0,97.0,-1.1,0.0,0.0,0.0,1004.0,6930.0,7.0,10.0,
1489960800000,Helsinki-Kumpula,2017-03-20 00:00:00,-1.1,1.6,2.2,153.0,98.0,-1.4,0.0,0.0,0.0,1003.8,6860.0,0.0,10.0,
1489968000000,Helsinki-Kumpula,2017-03-20 02:00:00,-1.5,2.0,2.4,129.0,98.0,-1.7,0.0,0.0,0.0,1003.8,8460.0,1.0,10.0,
1489975200000,Helsinki-Kumpula,2017-03-20 04:00:00,-1.8,1.6,2.3,125.0,98.0,-2.0,0.0,0.0,0.0,1003.9,6550.0,3.0,10.0,
1489982400000,Helsinki-Kumpula,2017-03-20 06:00:00,-0.8,2.5,4.1,129.0,98.0,-1.1,0.0,0.0,0.0,1004.2,14850.0,7.0,0.0,
1489989600000,Helsinki-Kumpula,2017-03-20 08:00:00,1.9,2.9,4.5,129.0,75.0,-2.0,0.0,0.0,0.0,1004.5,35050.0,5.0,0.0,
1489996800000,Helsinki-Kumpula,2017-03-20 10:00:00,2.6,3.0,4.8,131.0,75.0,-1.4,0.0,0.0,0.0,1004.7,32450.0,7.0,0.0,
1490004000000,Helsinki-Kumpula,2017-03-20 12:00:00,2.1,3.5,5.2,143.0,69.0,-2.9,0.0,0.0,0.0,1004.7,42650.0,5.0,0.0,
1490011200000,Helsinki-Kumpula,2017-03-20 14:00:00,1.4,2.8,4.1,108.0,70.0,-3.5,0.0,0.0,0.0,1004.2,46790.0,7.0,0.0,
1490018400000,Helsinki-Kumpula,2017-03-20 16:00:00,0.4,2.9,4.6,97.0,81.0,-2.5,0.0,0.0,0.0,1004.3,45480.0,7.0,0.0,
1490025600000,Helsinki-Kumpula,2017-03-20 18:00:00,-0.4,3.0,4.3,82.0,94.0,-1.2,0.3,0.0,0.0,1003.8,3990.0,7.0,71.0,
1490032800000,Helsinki-Kumpula,2017-03-20 20:00:00,0.0,2.0,3.6,80.0,97.0,-0.4,0.4,0.2,0.0,1002.9,3050.0,8.0,71.0,
1490040000000,Helsinki-Kumpula,2017-03-20 22:00:00,0.2,3.5,5.4,215.0,96.0,-0.4,0.0,0.0,0.0,1002.5,44480.0,8.0,0.0,
1490047200000,Helsinki-Kumpula,2017-03-21 00:00:00,0.5,2.6,3.9,139.0,93.0,-0.4,0.0,0.0,0.0,1002.1,50000.0,8.0,0.0,
1490054400000,Helsinki-Kumpula,2017-03-21 02:00:00,0.2,2.8,3.6,118.0,96.0,-0.4,0.0,0.0,0.0,1001.6,20130.0,7.0,0.0,
1490061600000,Helsinki-Kumpula,2017-03-21 04:00:00,0.3,4.0,5.4,92.0,97.0,0.0,0.0,0.0,0.0,1000.7,7930.0,7.0,10.0,
1490068800000,Helsinki-Kumpula,2017-03-21 06:00:00,1.0,5.6,8.4,109.0,98.0,0.6,0.0,0.0,0.0,999.4,2570.0,8.0,10.0,
1490076000000,Helsinki-Kumpula,2017-03-21 08:00:00,2.3,7.1,9.9,115.0,93.0,1.3,0.0,0.0,0.0,998.0,21780.0,8.0,0.0,
1490083200000,Helsinki-Kumpula,2017-03-21 10:00:00,1.8,6.3,8.9,92.0,93.0,0.8,0.0,0.0,0.0,996.7,17350.0,7.0,0.0,
1490090400000,Helsinki-Kumpula,2017-03-21 12:00:00,2.0,7.0,9.9,109.0,93.0,1.1,0.7,1.8,0.0,994.9,6220.0,8.0,62.0,
1490097600000,Helsinki-Kumpula,2017-03-21 14:00:00,2.2,6.8,11.0,137.0,98.0,1.8,0.8,0.5,0.0,993.7,3020.0,8.0,53.0,
1490104800000,Helsinki-Kumpula,2017-03-21 16:00:00,2.5,7.0,11.0,209.0,94.0,1.6,0.0,0.0,0.0,995.5,37310.0,8.0,0.0,
1490112000000,Helsinki-Kumpula,2017-03-21 18:00:00,2.5,5.1,8.3,202.0,92.0,1.4,0.0,0.0,0.0,997.0,15390.0,8.0,0.0,
1490119200000,Helsinki-Kumpula,2017-03-21 20:00:00,2.5,6.7,9.9,204.0,88.0,0.7,0.0,0.0,0.0,998.1,24610.0,7.0,0.0,
1490126400000,Helsinki-Kumpula,2017-03-21 22:00:00,2.1,6.5,10.0,203.0,91.0,0.8,0.0,0.0,0.0,998.8,20510.0,5.0,0.0,
1490133600000,Helsinki-Kumpula,2017-03-22 00:00:00,2.0,5.3,9.9,174.0,92.0,0.9,0.0,0.0,0.0,998.5,16450.0,7.0,0.0,
1490140800000,Helsinki-Kumpula,2017-03-22 02:00:00,2.6,8.5,16.9,198.0,93.0,1.6,1.1,0.0,0.0,998.0,14760.0,7.0,80.0,
1490148000000,Helsinki-Kumpula,2017-03-22 04:00:00,1.9,8.8,13.2,202.0,94.0,1.1,0.2,0.0,0.0,998.6,10530.0,7.0,81.0,
1490155200000,Helsinki-Kumpula,2017-03-22 06:00:00,1.5,7.7,12.0,220.0,96.0,0.9,0.5,2.8,0.0,1000.0,4380.0,7.0,81.0,
1490162400000,Helsinki-Kumpula,2017-03-22 08:00:00,2.7,9.2,12.8,214.0,91.0,1.3,0.0,0.0,0.0,1001.4,18780.0,7.0,0.0,
1490169600000,Helsinki-Kumpula,2017-03-22 10:00:00,3.1,7.2,10.7,214.0,90.0,1.6,0.0,0.0,0.0,1002.9,17480.0,7.0,81.0,
1490176800000,Helsinki-Kumpula,2017-03-22 12:00:00,3.2,7.4,10.9,214.0,89.0,1.6,0.0,0.0,0.0,1004.1,22780.0,7.0,21.0,
1490184000000,Helsinki-Kumpula,2017-03-22 14:00:00,3.5,7.4,11.6,213.0,85.0,1.2,0.0,0.0,0.0,1005.2,36780.0,7.0,0.0,
1490191200000,Helsinki-Kumpula,2017-03-22 16:00:00,2.5,7.0,11.6,213.0,89.0,0.9,0.0,0.0,0.0,1006.1,37070.0,7.0,21.0,
1490198400000,Helsinki-Kumpula,2017-03-22 18:00:00,1.9,5.2,7.9,214.0,93.0,0.9,0.0,0.0,0.0,1007.4,21070.0,5.0,21.0,
1490205600000,Helsinki-Kumpula,2017-03-22 20:00:00,1.3,5.8,8.1,213.0,96.0,0.8,0.0,0.0,0.0,1008.1,16240.0,1.0,0.0,
1490212800000,Helsinki-Kumpula,2017-03-22 22:00:00,1.2,4.5,6.7,233.0,94.0,0.3,0.0,0.0,0.0,1009.3,30630.0,0.0,0.0,
1490220000000,Helsinki-Kumpula,2017-03-23 00:00:00,0.1,3.8,6.0,230.0,94.0,-0.7,0.0,0.0,0.0,1010.2,34120.0,0.0,0.0,
1490227200000,Helsinki-Kumpula,2017-03-23 02:00:00,0.1,3.3,4.3,230.0,95.0,-0.7,0.0,0.0,0.0,1010.7,44360.0,7.0,0.0,
1490234400000,Helsinki-Kumpula,2017-03-23 04:00:00,0.4,4.8,6.7,233.0,95.0,-0.3,0.0,0.0,0.0,1012.3,31030.0,5.0,0.0,
1490241600000,Helsinki-Kumpula,2017-03-23 06:00:00,1.2,4.8,7.7,264.0,85.0,-1.0,0.0,0.0,0.0,1013.9,49230.0,0.0,0.0,
1490248800000,Helsinki-Kumpula,2017-03-23 08:00:00,3.1,6.3,10.5,258.0,70.0,-1.7,0.0,0.0,0.0,1015.9,38300.0,1.0,0.0,
1490256000000,Helsinki-Kumpula,2017-03-23 10:00:00,5.2,7.0,11.0,248.0,58.0,-2.4,0.0,0.0,0.0,1017.0,35900.0,0.0,0.0,
1490263200000,Helsinki-Kumpula,2017-03-23 12:00:00,6.7,8.6,13.8,249.0,35.0,-7.7,0.0,0.0,0.0,1017.4,37550.0,0.0,0.0,
1490270400000,Helsinki-Kumpula,2017-03-23 14:00:00,6.1,8.9,13.9,249.0,37.0,-7.7,0.0,0.0,NaN,1017.4,40610.0,1.0,0.0,
1490277600000,Helsinki-Kumpula,2017-03-23 16:00:00,4.9,7.6,10.6,247.0,40.0,-7.6,0.0,0.0,NaN,1017.6,50000.0,0.0,0.0,
1490284800000,Helsinki-Kumpula,2017-03-23 18:00:00,1.3,5.3,7.3,218.0,73.0,-3.0,0.0,0.0,0.0,1018.1,50000.0,5.0,0.0,
1490292000000,Helsinki-Kumpula,2017-03-23 20:00:00,0.5,5.2,6.8,242.0,75.0,-3.5,0.0,0.0,0.0,1018.5,50000.0,0.0,0.0,
1490299200000,Helsinki-Kumpula,2017-03-23 22:00:00,-0.6,4.2,6.7,237.0,79.0,-3.8,0.0,0.0,0.0,1018.4,50000.0,0.0,0.0,
1490306400000,Helsinki-Kumpula,2017-03-24 00:00:00,-1.3,4.0,5.9,261.0,79.0,-4.4,0.0,0.0,0.0,1018.6,50000.0,0.0,0.0,
1490313600000,Helsinki-Kumpula,2017-03-24 02:00:00,-2.1,4.0,5.7,254.0,81.0,-5.0,0.0,0.0,0.0,1019.2,50000.0,0.0,0.0,
1490320800000,Helsinki-Kumpula,2017-03-24 04:00:00,-2.3,4.0,6.5,261.0,82.0,-5.0,0.0,0.0,0.0,1019.5,50000.0,0.0,0.0,
1490328000000,Helsinki-Kumpula,2017-03-24 06:00:00,-0.5,4.2,7.4,264.0,71.0,-5.2,0.0,0.0,0.0,1020.1,41140.0,0.0,0.0,
1490335200000,Helsinki-Kumpula,2017-03-24 08:00:00,1.9,5.5,8.9,284.0,53.0,-6.8,0.0,0.0,0.0,1020.6,39050.0,0.0,0.0,
1490342400000,Helsinki-Kumpula,2017-03-24 10:00:00,3.6,5.6,9.9,272.0,44.0,-7.5,0.0,0.0,0.0,1020.7,46110.0,1.0,0.0,
1490349600000,Helsinki-Kumpula,2017-03-24 12:00:00,1.5,7.4,13.8,272.0,66.0,-4.1,0.0,0.0,0.0,1021.4,5070.0,7.0,85.0,
1490356800000,Helsinki-Kumpula,2017-03-24 14:00:00,0.9,2.0,4.0,24.0,85.0,-1.4,0.4,0.0,0.0,1020.8,4830.0,7.0,85.0,
1490364000000,Helsinki-Kumpula,2017-03-24 16:00:00,3.4,4.9,8.2,294.0,45.0,-7.3,0.0,0.0,0.0,1020.2,50000.0,3.0,0.0,
1490371200000,Helsinki-Kumpula,2017-03-24 18:00:00,0.7,3.4,5.2,268.0,56.0,-7.0,0.0,0.0,0.0,1020.4,50000.0,0.0,0.0,
1490378400000,Helsinki-Kumpula,2017-03-24 20:00:00,-0.6,3.8,6.2,254.0,68.0,-5.8,0.0,0.0,0.0,1020.1,50000.0,0.0,0.0,
1490385600000,Helsinki-Kumpula,2017-03-24 22:00:00,-0.9,4.3,6.2,238.0,72.0,-5.3,0.0,0.0,0.0,1019.1,50000.0,1.0,0.0,
1490392800000,Helsinki-Kumpula,2017-03-25 00:00:00,0.0,4.1,5.8,203.0,84.0,-2.4,0.0,0.0,0.0,1017.5,50000.0,8.0,0.0,
1490400000000,Helsinki-Kumpula,2017-03-25 02:00:00,0.9,5.0,8.3,204.0,90.0,-0.6,0.0,0.0,0.0,1015.9,17300.0,8.0,77.0,
1490407200000,Helsinki-Kumpula,2017-03-25 04:00:00,0.9,5.8,8.7,203.0,93.0,-0.2,0.1,0.0,0.0,1014.2,44020.0,8.0,41.0,
1490414400000,Helsinki-Kumpula,2017-03-25 06:00:00,0.8,3.9,5.2,241.0,95.0,0.0,0.2,0.3,0.0,1013.3,5550.0,9.0,67.0,
1490421600000,Helsinki-Kumpula,2017-03-25 08:00:00,1.5,3.4,5.0,241.0,96.0,0.9,0.4,0.7,0.0,1012.9,12550.0,7.0,74.0,
1490428800000,Helsinki-Kumpula,2017-03-25 10:00:00,3.3,4.2,7.4,286.0,86.0,1.2,0.0,0.0,0.0,1013.0,50000.0,8.0,21.0,
1490436000000,Helsinki-Kumpula,2017-03-25 12:00:00,4.1,2.8,4.6,287.0,80.0,0.9,0.0,0.0,0.0,1013.3,50000.0,7.0,0.0,
1490443200000,Helsinki-Kumpula,2017-03-25 14:00:00,4.3,3.7,7.9,308.0,76.0,0.4,0.0,0.0,0.0,1014.4,50000.0,8.0,0.0,
1490450400000,Helsinki-Kumpula,2017-03-25 16:00:00,3.6,3.2,5.5,323.0,76.0,-0.3,0.0,0.0,0.0,1015.6,50000.0,8.0,0.0,
1490457600000,Helsinki-Kumpula,2017-03-25 18:00:00,2.2,1.3,2.1,327.0,79.0,-1.0,0.0,0.0,0.0,1016.9,47340.0,1.0,0.0,
1490464800000,Helsinki-Kumpula,2017-03-25 20:00:00,1.1,2.1,2.6,225.0,87.0,-0.8,0.0,0.0,0.0,1018.0,41360.0,0.0,0.0,
1490472000000,Helsinki-Kumpula,2017-03-25 22:00:00,0.3,2.5,3.7,213.0,88.0,-1.4,0.0,0.0,0.0,1018.7,39460.0,1.0,0.0,
1490479200000,Helsinki-Kumpula,2017-03-26 00:00:00,-0.7,3.7,6.2,257.0,93.0,-1.7,0.0,0.0,0.0,1018.5,31070.0,0.0,0.0,
1490486400000,Helsinki-Kumpula,2017-03-26 02:00:00,-1.8,3.4,4.6,237.0,94.0,-2.6,0.0,0.0,0.0,1017.7,34110.0,0.0,0.0,
1490490000000,Helsinki-Kumpula,2017-03-26 04:00:00,-1.1,4.1,5.0,229.0,91.0,-2.3,0.0,0.0,0.0,1016.9,45290.0,7.0,0.0,
1490497200000,Helsinki-Kumpula,2017-03-26 06:00:00,1.4,5.6,8.6,219.0,78.0,-2.0,0.0,0.0,0.0,1015.1,40060.0,8.0,0.0,
1490504400000,Helsinki-Kumpula,2017-03-26 08:00:00,3.0,5.6,8.9,211.0,83.0,0.4,0.0,0.0,0.0,1012.3,32680.0,8.0,41.0,
1490511600000,Helsinki-Kumpula,2017-03-26 10:00:00,4.5,6.5,9.8,218.0,78.0,1.0,0.0,0.0,0.0,1008.6,41020.0,8.0,0.0,
1490518800000,Helsinki-Kumpula,2017-03-26 12:00:00,8.7,6.2,9.5,233.0,59.0,1.2,0.0,0.0,0.0,1006.0,37380.0,0.0,0.0,
1490526000000,Helsinki-Kumpula,2017-03-26 14:00:00,10.4,7.2,10.6,254.0,58.0,2.3,0.0,0.0,NaN,1004.3,49170.0,7.0,0.0,
1490533200000,Helsinki-Kumpula,2017-03-26 16:00:00,11.2,11.4,21.0,285.0,49.0,0.9,0.0,0.0,NaN,1003.0,50000.0,1.0,0.0,
1490540400000,Helsinki-Kumpula,2017-03-26 18:00:00,9.1,7.7,15.0,290.0,48.0,-1.2,0.0,0.0,0.0,1004.2,50000.0,0.0,0.0,
1490547600000,Helsinki-Kumpula,2017-03-26 20:00:00,7.2,8.1,16.4,298.0,49.0,-2.9,0.0,0.0,0.0,1006.3,50000.0,0.0,0.0,
1490554800000,Helsinki-Kumpula,2017-03-26 22:00:00,5.6,7.7,13.4,297.0,47.0,-4.8,0.0,0.0,0.0,1008.0,50000.0,0.0,0.0,
1490562000000,Helsinki-Kumpula,2017-03-27 00:00:00,4.3,6.4,11.4,292.0,52.0,-4.6,0.0,0.0,0.0,1009.2,50000.0,0.0,0.0,
1490569200000,Helsinki-Kumpula,2017-03-27 02:00:00,3.1,6.4,9.4,284.0,58.0,-4.4,0.0,0.0,0.0,1009.8,50000.0,0.0,0.0,
1490576400000,Helsinki-Kumpula,2017-03-27 04:00:00,2.5,6.1,10.4,293.0,61.0,-4.3,0.0,0.0,0.0,1010.6,44880.0,0.0,0.0,
1490583600000,Helsinki-Kumpula,2017-03-27 06:00:00,3.6,6.6,11.7,294.0,58.0,-3.9,0.0,0.0,0.0,1010.5,38040.0,0.0,0.0,
1490590800000,Helsinki-Kumpula,2017-03-27 08:00:00,6.0,7.0,10.3,292.0,44.0,-5.2,0.0,0.0,0.0,1010.2,25380.0,0.0,0.0,
1490598000000,Helsinki-Kumpula,2017-03-27 10:00:00,8.1,7.1,11.7,250.0,43.0,-3.7,0.0,0.0,0.0,1007.9,42480.0,3.0,0.0,
1490605200000,Helsinki-Kumpula,2017-03-27 12:00:00,9.1,8.3,12.1,241.0,51.0,-0.6,0.0,0.0,0.0,1004.8,33250.0,7.0,0.0,
1490612400000,Helsinki-Kumpula,2017-03-27 14:00:00,10.8,9.2,12.6,244.0,57.0,2.6,0.0,0.0,0.0,1000.8,32160.0,1.0,0.0,
1490619600000,Helsinki-Kumpula,2017-03-27 16:00:00,11.2,9.0,17.0,283.0,51.0,1.4,0.0,0.0,0.0,999.1,36750.0,0.0,0.0,
1490626800000,Helsinki-Kumpula,2017-03-27 18:00:00,9.1,10.3,18.5,295.0,45.0,-2.1,0.0,0.0,0.0,1000.0,26410.0,0.0,0.0,
1490634000000,Helsinki-Kumpula,2017-03-27 20:00:00,6.9,7.2,13.5,320.0,44.0,-4.4,0.0,0.0,NaN,1003.5,45660.0,7.0,0.0,
1490641200000,Helsinki-Kumpula,2017-03-27 22:00:00,4.2,4.5,7.5,300.0,51.0,-4.9,0.0,0.0,0.0,1005.7,50000.0,0.0,0.0,
1490648400000,Helsinki-Kumpula,2017-03-28 00:00:00,3.2,5.5,9.5,296.0,53.0,-5.6,0.0,0.0,NaN,1006.7,50000.0,0.0,0.0,
1490655600000,Helsinki-Kumpula,2017-03-28 02:00:00,1.7,4.8,7.3,293.0,60.0,-5.3,0.0,0.0,0.0,1008.0,50000.0,1.0,0.0,
1490662800000,Helsinki-Kumpula,2017-03-28 04:00:00,0.7,4.1,6.7,299.0,54.0,-7.5,0.0,0.0,NaN,1009.0,50000.0,0.0,0.0,
1490670000000,Helsinki-Kumpula,2017-03-28 06:00:00,2.0,5.4,10.8,306.0,50.0,-7.3,0.0,0.0,0.0,1010.1,48280.0,1.0,0.0,
1490677200000,Helsinki-Kumpula,2017-03-28 08:00:00,4.2,3.7,8.0,293.0,44.0,-7.1,0.0,0.0,0.0,1010.7,46450.0,0.0,0.0,
1490684400000,Helsinki-Kumpula,2017-03-28 10:00:00,3.3,6.9,10.9,308.0,35.0,-10.9,0.0,0.0,NaN,1012.0,46400.0,7.0,0.0,
1490691600000,Helsinki-Kumpula,2017-03-28 12:00:00,3.8,7.6,13.4,294.0,35.0,-10.3,0.0,0.0,0.0,1012.3,44960.0,5.0,0.0,
1490698800000,Helsinki-Kumpula,2017-03-28 14:00:00,3.2,5.0,8.4,300.0,31.0,-12.5,0.0,0.0,0.0,1012.5,50000.0,1.0,0.0,
1490706000000,Helsinki-Kumpula,2017-03-28 16:00:00,3.5,2.9,6.1,318.0,29.0,-12.7,0.0,0.0,NaN,1012.6,50000.0,5.0,0.0,
1490713200000,Helsinki-Kumpula,2017-03-28 18:00:00,1.5,3.6,6.0,297.0,36.0,-12.1,0.0,0.0,NaN,1013.3,50000.0,3.0,0.0,
1490720400000,Helsinki-Kumpula,2017-03-28 20:00:00,0.0,4.4,7.4,282.0,47.0,-10.1,0.0,0.0,0.0,1014.4,50000.0,5.0,0.0,
1490727600000,Helsinki-Kumpula,2017-03-28 22:00:00,-1.8,3.5,6.1,287.0,53.0,-10.1,0.0,0.0,0.0,1014.8,50000.0,0.0,0.0,
1490734800000,Helsinki-Kumpula,2017-03-29 00:00:00,-2.5,3.8,5.0,278.0,65.0,-8.3,0.0,0.0,0.0,1015.1,50000.0,0.0,0.0,
1490742000000,Helsinki-Kumpula,2017-03-29 02:00:00,-3.2,3.3,4.7,264.0,76.0,-6.8,0.0,0.0,0.0,1014.9,50000.0,3.0,0.0,
1490749200000,Helsinki-Kumpula,2017-03-29 04:00:00,-3.7,3.5,4.8,271.0,80.0,-6.7,0.0,0.0,0.0,1014.8,46640.0,1.0,0.0,
1490756400000,Helsinki-Kumpula,2017-03-29 06:00:00,-1.1,2.2,3.3,273.0,73.0,-5.4,0.0,0.0,0.0,1014.6,46740.0,0.0,0.0,
1490763600000,Helsinki-Kumpula,2017-03-29 08:00:00,2.3,4.4,6.8,262.0,41.0,-9.7,0.0,0.0,0.0,1014.5,42500.0,0.0,0.0,
1490770800000,Helsinki-Kumpula,2017-03-29 10:00:00,2.8,4.4,6.6,295.0,34.0,-11.7,0.0,0.0,0.0,1014.3,50000.0,7.0,0.0,
1490778000000,Helsinki-Kumpula,2017-03-29 12:00:00,3.3,4.0,7.3,302.0,29.0,-13.2,0.0,0.0,NaN,1013.8,50000.0,5.0,0.0,
1490785200000,Helsinki-Kumpula,2017-03-29 14:00:00,4.4,4.3,7.6,301.0,23.0,-15.0,0.0,0.0,NaN,1013.2,50000.0,0.0,0.0,
1490792400000,Helsinki-Kumpula,2017-03-29 16:00:00,2.8,2.2,3.9,308.0,26.0,-14.9,0.0,0.0,NaN,1013.3,50000.0,5.0,0.0,
1490799600000,Helsinki-Kumpula,2017-03-29 18:00:00,1.5,4.0,6.2,285.0,35.0,-12.2,0.0,0.0,0.0,1014.7,50000.0,7.0,0.0,
1490806800000,Helsinki-Kumpula,2017-03-29 20:00:00,0.6,3.5,6.7,300.0,40.0,-11.5,0.0,0.0,0.0,1015.9,50000.0,7.0,0.0,
1490814000000,Helsinki-Kumpula,2017-03-29 22:00:00,-0.9,4.1,6.6,305.0,53.0,-9.3,0.0,0.0,0.0,1017.3,50000.0,7.0,0.0,
1490821200000,Helsinki-Kumpula,2017-03-30 00:00:00,-2.3,3.5,6.1,306.0,60.0,-9.1,0.0,0.0,0.0,1018.9,50000.0,0.0,0.0,
1490828400000,Helsinki-Kumpula,2017-03-30 02:00:00,-3.6,3.2,4.7,303.0,61.0,-10.0,0.0,0.0,0.0,1020.7,50000.0,0.0,0.0,
1490835600000,Helsinki-Kumpula,2017-03-30 04:00:00,-4.9,2.3,3.8,304.0,67.0,-10.1,0.0,0.0,0.0,1021.8,50000.0,0.0,0.0,
1490842800000,Helsinki-Kumpula,2017-03-30 06:00:00,-1.6,2.3,3.7,265.0,55.0,-9.5,0.0,0.0,0.0,1023.1,33750.0,0.0,0.0,
1490850000000,Helsinki-Kumpula,2017-03-30 08:00:00,1.4,4.2,6.4,271.0,39.0,-11.0,0.0,0.0,0.0,1023.8,41240.0,0.0,0.0,
1490857200000,Helsinki-Kumpula,2017-03-30 10:00:00,2.4,4.6,6.9,261.0,28.0,-14.4,0.0,0.0,0.0,1023.6,46820.0,1.0,0.0,
1490864400000,Helsinki-Kumpula,2017-03-30 12:00:00,1.8,7.5,11.8,201.0,40.0,-10.3,0.0,0.0,0.0,1023.4,49980.0,5.0,0.0,
1490871600000,Helsinki-Kumpula,2017-03-30 14:00:00,2.5,6.9,10.5,206.0,31.0,-13.1,0.0,0.0,NaN,1022.4,45050.0,0.0,0.0,
1490878800000,Helsinki-Kumpula,2017-03-30 16:00:00,0.5,6.3,9.2,212.0,30.0,-15.0,0.0,0.0,NaN,1021.8,50000.0,0.0,0.0,
1490886000000,Helsinki-Kumpula,2017-03-30 18:00:00,-0.9,4.1,5.5,207.0,60.0,-7.6,0.0,0.0,NaN,1020.7,50000.0,5.0,0.0,
1490893200000,Helsinki-Kumpula,2017-03-30 20:00:00,-0.2,4.4,6.0,203.0,69.0,-5.1,0.0,0.0,0.0,1019.7,50000.0,7.0,0.0,
1490900400000,Helsinki-Kumpula,2017-03-30 22:00:00,-0.2,2.7,5.0,160.0,80.0,-3.2,0.0,0.0,0.0,1018.3,50000.0,7.0,0.0,
1490907600000,Helsinki-Kumpula,2017-03-31 00:00:00,0.1,4.3,7.3,197.0,82.0,-2.6,0.0,0.0,0.0,1016.7,10530.0,8.0,77.0,
