Date,Time(+02:00),S1,S2,S3,Friction,State,Ta,S7,Tsurf,S9,S10,S11,Water,Speed,Direction,Latitude,Longitude,Height,Accuracy,Tdew,Friction2,Distance,Serial(RCM411 V 2.59 2016-09-29 - RCM Mobile v1.0.0),TaOBD,AirFlowRateOBD,LambdaOBD
2017.01.09,10:19:00,10.46,11.72,3.633,0.19,5,-1.2,248.3,-0.61,513.0,727.8,0.768,0.000,0,,60.970899,25.593264,110,8,,,,D01,,,
2017.01.09,10:19:01,10.43,11.69,3.615,0.19,5,-1.2,248.3,-0.59,512.1,727.0,0.768,0.000,0,,60.970898,25.593265,110,8,,,,D01,,,
2017.01.09,10:19:02,10.41,11.67,3.598,0.19,5,-1.2,248.3,-0.68,511.3,726.2,0.768,0.000,0,,60.970896,25.593267,110,8,,,,D01,,,
2017.01.09,10:19:03,10.41,11.66,3.598,0.19,5,-1.2,248.3,-0.67,511.4,726.6,0.768,0.000,0,,60.970893,25.593268,110,8,,,,D01,,,
2017.01.09,10:19:04,10.39,11.66,3.595,0.19,5,-1.2,248.3,-0.48,511.3,726.4,0.768,0.000,0,,60.97089,25.59327,109,8,,,,D01,,,
2017.01.09,10:19:05,10.39,11.64,3.594,0.19,5,-1.2,248.3,-0.50,510.9,725.9,0.768,0.000,0,,60.970886,25.593272,109,8,,,,D01,,,
2017.01.09,10:19:06,10.40,11.64,3.601,0.19,5,-1.2,248.3,-0.68,511.2,726.4,0.768,0.000,0,,60.970882,25.593274,109,6,,,,D01,,,
2017.01.09,10:19:07,10.41,11.66,3.605,0.19,5,-1.2,248.3,-0.73,511.2,726.5,0.768,0.000,0,,60.970877,25.593276,109,6,,,,D01,,,
2017.01.09,10:19:09,10.39,11.65,3.598,0.19,5,-1.2,248.3,-0.85,510.5,725.8,0.768,0.000,0,,60.970866,25.593279,109,6,,,,D01,,,
2017.01.09,10:19:10,10.39,11.64,3.592,0.19,5,-1.2,248.3,-0.84,510.8,726.2,0.768,0.000,0,,60.97086,25.59328,109,6,,,,D01,,,
2017.01.09,10:19:11,10.38,11.62,3.582,0.19,5,-1.2,248.3,-0.68,510.4,725.6,0.768,0.000,0,,60.970855,25.593282,109,6,,,,D01,,,
2017.01.09,10:19:12,10.39,11.65,3.587,0.19,5,-1.2,248.3,-0.66,511.1,726.6,0.768,0.000,0,,60.970851,25.593283,109,6,,,,D01,,,
2017.01.09,10:19:13,10.38,11.64,3.585,0.19,5,-1.2,248.3,-0.67,510.5,726.0,0.768,0.000,0,,60.970847,25.593285,109,6,,,,D01,,,
2017.01.09,10:19:14,10.39,11.63,3.590,0.19,5,-1.2,248.4,-0.71,510.7,726.1,0.768,0.000,0,,60.970843,25.593286,109,6,,,,D01,,,
2017.01.09,10:19:15,10.37,11.62,3.584,0.19,5,-1.2,248.3,-0.84,510.6,725.9,0.768,0.000,0,,60.97084,25.593288,109,6,,,,D01,,,
2017.01.09,10:19:16,10.37,11.63,3.584,0.19,5,-1.2,248.3,-0.85,510.1,725.6,0.768,0.000,0,,60.970837,25.593289,109,6,,,,D01,,,
2017.01.09,10:19:18,10.37,11.62,3.580,0.19,5,-1.2,248.4,-0.69,510.1,725.3,0.768,0.000,0,,60.970832,25.593291,109,6,,,,D01,,,
2017.01.09,10:19:19,10.38,11.63,3.582,0.19,5,-1.2,248.4,-0.56,510.2,725.8,0.768,0.000,0,,60.97083,25.593292,109,6,,,,D01,,,
2017.01.09,10:19:20,10.37,11.62,3.579,0.19,5,-1.2,248.3,-0.52,509.9,725.0,0.768,0.000,0,,60.970828,25.593293,109,6,,,,D01,,,
2017.01.09,10:19:21,10.40,11.66,3.592,0.19,5,-1.2,248.4,-0.61,509.8,725.1,0.768,0.000,0,,60.970826,25.593294,109,6,,,,D01,,,
2017.01.09,10:19:22,10.39,11.67,3.578,0.19,5,-1.2,248.4,-0.64,510.5,725.9,0.768,0.000,0,,60.970825,25.593293,109,6,,,,D01,,,
2017.01.09,10:19:23,10.43,11.72,3.561,0.19,5,-1.2,248.3,-0.70,510.0,725.6,0.768,0.000,0,,60.970823,25.593293,109,6,,,,D01,,,
2017.01.09,10:19:24,10.44,11.71,3.541,0.19,5,-1.2,248.4,-0.82,510.2,726.2,0.768,0.000,0,,60.970822,25.593293,109,6,,,,D01,,,
2017.01.09,10:19:25,10.40,11.69,3.513,0.19,5,-1.2,248.1,-0.70,509.7,725.0,0.768,0.000,0,,60.970821,25.593293,109,6,,,,D01,,,
2017.01.09,10:19:26,10.42,11.75,3.496,0.19,5,-1.2,247.8,-0.69,509.5,724.3,0.768,0.000,0,,60.970821,25.593293,109,6,,,,D01,,,
2017.01.09,10:19:28,10.40,11.62,3.478,0.20,5,-1.2,248.2,-0.70,509.7,725.5,0.768,0.000,0,,60.970822,25.593292,109,6,,,,D01,,,
2017.01.09,10:19:29,10.42,11.67,3.520,0.20,5,-1.2,248.4,-0.56,510.1,725.7,0.768,0.000,0,,60.970823,25.593292,109,6,,,,D01,,,
2017.01.09,10:19:30,10.41,11.67,3.531,0.20,5,-1.2,248.3,-0.65,509.8,725.1,0.768,0.000,0,,60.970824,25.593291,109,6,,,,D01,,,
2017.01.09,10:19:31,10.43,11.69,3.542,0.20,5,-1.2,248.4,-0.69,510.0,725.5,0.768,0.000,0,,60.970824,25.593291,109,6,,,,D01,,,
2017.01.09,10:19:32,10.43,11.69,3.545,0.20,5,-1.2,248.4,-0.62,509.9,725.6,0.768,0.000,0,,60.970824,25.59329,109,6,,,,D01,,,
2017.01.09,10:19:33,10.45,11.72,3.551,0.20,5,-1.2,248.4,-0.77,510.5,726.1,0.768,0.000,0,,60.970824,25.593289,109,6,,,,D01,,,
2017.01.09,10:19:34,10.43,11.69,3.538,0.20,5,-1.2,248.4,-0.73,510.1,725.4,0.768,0.000,0,,60.970826,25.593288,109,6,,,,D01,,,
2017.01.09,10:19:35,10.44,11.69,3.543,0.20,5,-1.2,248.4,-0.55,509.9,725.4,0.768,0.000,0,,60.970827,25.593287,109,6,,,,D01,,,
2017.01.09,10:19:37,10.44,11.71,3.546,0.20,5,-1.2,248.4,-0.67,510.1,725.7,0.768,0.000,0,,60.970832,25.593286,109,6,,,,D01,,,
2017.01.09,10:19:38,10.42,11.70,3.526,0.20,5,-1.2,248.3,-0.63,510.2,726.1,0.768,0.000,0,,60.970834,25.593286,109,6,,,,D01,,,
2017.01.09,10:19:39,10.42,11.67,3.523,0.20,5,-1.2,248.3,-0.56,509.2,725.0,0.768,0.000,0,,60.970836,25.593285,109,6,,,,D01,,,
2017.01.09,10:19:40,10.40,11.67,3.524,0.20,5,-1.2,248.3,-0.64,509.3,724.7,0.768,0.000,0,,60.970838,25.593285,109,6,,,,D01,,,
2017.01.09,10:19:41,10.43,11.69,3.534,0.20,5,-1.2,248.3,-0.65,510.2,725.7,0.768,0.000,0,,60.970841,25.593285,109,6,,,,D01,,,
2017.01.09,10:19:42,10.42,11.69,3.532,0.20,5,-1.2,248.3,-0.70,509.9,725.4,0.768,0.000,0,,60.970843,25.593284,109,6,,,,D01,,,
2017.01.09,10:19:43,10.41,11.68,3.526,0.20,5,-1.2,248.4,-0.65,509.4,724.8,0.768,0.000,0,,60.970845,25.593283,109,6,,,,D01,,,
2017.01.09,10:19:44,10.41,11.68,3.523,0.20,5,-1.2,248.4,-0.56,509.7,725.2,0.768,0.000,0,,60.970847,25.593281,109,6,,,,D01,,,
2017.01.09,10:19:46,10.42,11.68,3.527,0.20,5,-1.2,248.4,-0.56,509.6,725.2,0.768,0.000,0,,60.970851,25.593279,109,8,,,,D01,,,
2017.01.09,10:19:47,10.42,11.69,3.529,0.20,5,-1.2,248.4,-0.75,509.7,725.2,0.768,0.000,0,,60.970852,25.593277,109,8,,,,D01,,,
2017.01.09,10:19:48,10.43,11.70,3.531,0.20,5,-1.2,248.4,-0.77,510.0,725.4,0.768,0.000,0,,60.970852,25.593276,109,8,,,,D01,,,
2017.01.09,10:19:49,10.43,11.70,3.536,0.20,5,-1.2,248.4,-0.63,510.1,725.4,0.768,0.000,0,,60.970853,25.593274,109,8,,,,D01,,,
2017.01.09,10:19:50,10.42,11.69,3.532,0.20,5,-1.2,248.3,-0.61,509.8,725.1,0.768,0.000,0,,60.970853,25.593273,109,8,,,,D01,,,
2017.01.09,10:19:51,10.44,11.70,3.539,0.20,5,-1.2,248.4,-0.65,510.1,725.8,0.768,0.000,0,,60.970853,25.593271,109,8,,,,D01,,,
2017.01.09,10:19:52,10.44,11.70,3.537,0.20,5,-1.2,248.3,-0.67,510.4,726.5,0.768,0.000,0,,60.970853,25.593269,109,8,,,,D01,,,
2017.01.09,10:19:53,10.41,11.67,3.529,0.20,5,-1.2,248.4,-0.58,509.5,724.7,0.768,0.000,0,,60.970853,25.593267,109,8,,,,D01,,,
2017.01.09,10:19:55,10.41,11.67,3.534,0.20,5,-1.2,248.4,-0.73,509.4,724.9,0.768,0.000,0,,60.970854,25.593262,109,8,,,,D01,,,
2017.01.09,10:19:56,10.41,11.68,3.536,0.20,5,-1.2,248.4,-0.79,509.4,724.8,0.768,0.000,0,,60.970855,25.593259,109,8,,,,D01,,,
2017.01.09,10:19:57,10.43,11.68,3.539,0.20,5,-1.2,248.3,-0.63,509.6,725.4,0.768,0.000,0,,60.970856,25.593256,109,8,,,,D01,,,
2017.01.09,10:19:58,10.44,11.70,3.541,0.20,5,-1.2,248.4,-0.63,510.1,725.5,0.768,0.000,0,,60.970856,25.593254,109,6,,,,D01,,,
2017.01.09,10:19:59,10.42,11.69,3.538,0.20,5,-1.2,248.4,-0.67,509.4,725.0,0.768,0.000,0,,60.970857,25.593251,108,6,,,,D01,,,
2017.01.09,10:20:00,10.45,11.72,3.549,0.20,5,-1.2,248.4,-0.59,510.2,726.0,0.768,0.000,0,,60.970858,25.593249,108,6,,,,D01,,,
2017.01.09,10:20:01,10.43,11.71,3.540,0.20,5,-1.2,248.4,-0.55,510.1,725.8,0.768,0.000,0,,60.970858,25.593247,108,6,,,,D01,,,
2017.01.09,10:20:02,10.44,11.70,3.535,0.20,5,-1.2,248.4,-0.50,510.2,725.7,0.768,0.000,0,,60.970859,25.593245,108,6,,,,D01,,,
2017.01.09,10:20:04,10.42,11.69,3.529,0.20,5,-1.2,248.4,-0.54,509.9,725.4,0.768,0.000,0,,60.970859,25.593241,108,6,,,,D01,,,
2017.01.09,10:20:05,10.42,11.69,3.529,0.20,5,-1.2,248.4,-0.66,509.9,725.5,0.768,0.000,0,,60.970858,25.59324,108,6,,,,D01,,,
2017.01.09,10:20:06,10.40,11.68,3.516,0.20,5,-1.2,248.4,-0.60,509.9,725.4,0.768,0.000,0,,60.970858,25.593239,108,6,,,,D01,,,
2017.01.09,10:20:07,10.44,11.70,3.521,0.20,5,-1.2,248.4,-0.60,510.2,725.8,0.768,0.000,0,,60.970857,25.593239,108,6,,,,D01,,,
2017.01.09,10:20:08,10.40,11.66,3.513,0.20,5,-1.2,248.4,-0.73,509.7,725.2,0.768,0.000,0,,60.970856,25.593238,108,6,,,,D01,,,
2017.01.09,10:20:09,10.43,11.70,3.524,0.20,5,-1.2,248.4,-0.89,510.2,725.7,0.768,0.000,0,,60.970856,25.593238,108,6,,,,D01,,,
2017.01.09,10:20:10,10.43,11.68,3.522,0.20,5,-1.2,248.4,-0.86,509.7,725.2,0.768,0.000,0,,60.970855,25.593238,108,6,,,,D01,,,
2017.01.09,10:20:11,10.44,11.70,3.530,0.20,5,-1.2,248.4,-0.68,510.3,725.7,0.768,0.000,0,,60.970855,25.593238,108,6,,,,D01,,,
2017.01.09,10:20:13,10.41,11.69,3.523,0.20,5,-1.2,248.4,-0.70,509.9,725.4,0.768,0.000,0,,60.970849,25.593243,108,6,,,,D01,,,
2017.01.09,10:20:14,10.43,11.69,3.527,0.20,5,-1.2,248.3,-0.64,509.7,725.2,0.768,0.000,0,,60.970843,25.593249,108,6,,,,D01,,,
2017.01.09,10:20:15,10.43,11.70,3.530,0.20,5,-1.2,248.3,-0.68,510.3,726.1,0.768,0.000,0,,60.970838,25.593254,108,6,,,,D01,,,
2017.01.09,10:20:16,10.41,11.69,3.522,0.20,5,-1.2,248.3,-0.81,509.8,725.2,0.768,0.000,0,,60.970834,25.593259,108,6,,,,D01,,,
2017.01.09,10:20:17,10.41,11.67,3.523,0.20,5,-1.2,248.3,-0.81,509.5,725.0,0.768,0.000,0,,60.97083,25.593264,108,6,,,,D01,,,
2017.01.09,10:20:18,10.42,11.69,3.526,0.20,5,-1.2,248.4,-0.73,509.7,725.4,0.768,0.000,0,,60.970827,25.593268,108,6,,,,D01,,,
2017.01.09,10:20:19,10.42,11.68,3.524,0.20,5,-1.2,248.3,-0.81,509.8,725.3,0.768,0.000,0,,60.970825,25.593272,108,6,,,,D01,,,
2017.01.09,10:20:20,10.45,11.71,3.533,0.20,5,-1.2,248.4,-0.84,510.6,726.5,0.768,0.000,0,,60.970823,25.593276,108,6,,,,D01,,,
2017.01.09,10:20:22,10.42,11.69,3.519,0.20,5,-1.2,248.4,-0.70,510.2,725.8,0.768,0.000,0,,60.97082,25.593283,108,6,,,,D01,,,
2017.01.09,10:20:23,10.41,11.68,3.513,0.20,5,-1.2,248.3,-0.70,509.6,725.1,0.768,0.000,0,,60.970819,25.593286,108,6,,,,D01,,,
2017.01.09,10:20:24,10.43,11.70,3.524,0.20,5,-1.2,248.3,-0.65,510.2,725.8,0.768,0.000,0,,60.970818,25.593288,108,6,,,,D01,,,
2017.01.09,10:20:25,10.43,11.70,3.521,0.20,5,-1.2,248.3,-0.65,510.1,725.7,0.768,0.000,0,,60.970817,25.593291,108,6,,,,D01,,,
2017.01.09,10:20:26,10.40,11.68,3.513,0.20,5,-1.2,248.3,-0.66,509.9,725.4,0.768,0.000,0,,60.970817,25.593293,108,6,,,,D01,,,
2017.01.09,10:20:27,10.40,11.66,3.510,0.20,5,-1.2,248.3,-0.70,509.3,724.7,0.768,0.000,0,,60.970817,25.593295,108,6,,,,D01,,,
2017.01.09,10:20:28,10.43,11.69,3.526,0.20,5,-1.2,248.3,-0.76,510.4,726.0,0.768,0.000,0,,60.970817,25.593297,108,6,,,,D01,,,
2017.01.09,10:20:29,10.41,11.68,3.513,0.20,5,-1.2,248.3,-0.85,509.8,725.3,0.768,0.000,0,,60.970817,25.593299,108,6,,,,D01,,,
2017.01.09,10:20:31,10.44,11.71,3.518,0.20,5,-1.2,248.2,-0.90,510.2,726.0,0.768,0.000,0,,60.970818,25.593301,108,6,,,,D01,,,
2017.01.09,10:20:32,10.42,11.70,3.517,0.20,5,-1.2,248.2,-0.77,509.9,725.4,0.768,0.000,0,,60.970818,25.593302,108,6,,,,D01,,,
2017.01.09,10:20:33,10.44,11.70,3.522,0.20,5,-1.2,248.2,-0.76,510.7,726.6,0.768,0.000,0,,60.970819,25.593302,108,6,,,,D01,,,
2017.01.09,10:20:34,10.40,11.66,3.512,0.20,5,-1.2,248.3,-0.69,509.4,724.8,0.768,0.000,0,,60.970819,25.593303,108,6,,,,D01,,,
2017.01.09,10:20:35,10.42,11.68,3.521,0.20,5,-1.2,248.3,-0.66,509.9,725.5,0.768,0.000,0,,60.97082,25.593304,108,6,,,,D01,,,
2017.01.09,10:20:36,10.45,11.71,3.531,0.20,5,-1.2,248.3,-0.69,510.7,726.8,0.768,0.000,0,,60.97082,25.593305,108,6,,,,D01,,,
2017.01.09,10:20:37,10.41,11.69,3.515,0.20,5,-1.2,248.2,-0.62,509.7,724.9,0.768,0.000,0,,60.970821,25.593306,108,6,,,,D01,,,
2017.01.09,10:20:38,10.42,11.68,3.510,0.20,5,-1.2,248.3,-0.71,510.0,725.8,0.768,0.000,0,,60.970822,25.593307,108,6,,,,D01,,,
2017.01.09,10:20:40,10.43,11.70,3.516,0.20,5,-1.2,248.3,-0.63,510.1,725.8,0.768,0.000,0,,60.970825,25.593309,108,6,,,,D01,,,
2017.01.09,10:20:41,10.44,11.71,3.519,0.20,5,-1.2,248.2,-0.51,510.6,726.3,0.768,0.000,0,,60.970826,25.59331,108,6,,,,D01,,,
2017.01.09,10:20:42,10.42,11.67,3.507,0.20,5,-1.2,248.3,-0.65,509.6,725.1,0.768,0.000,0,,60.970827,25.593311,108,6,,,,D01,,,
2017.01.09,10:20:43,10.42,11.69,3.502,0.20,5,-1.2,248.2,-0.63,509.9,725.3,0.768,0.000,0,,60.970828,25.593313,108,6,,,,D01,,,
2017.01.09,10:20:44,10.44,11.71,3.513,0.20,5,-1.2,248.2,-0.66,510.5,726.1,0.768,0.000,0,,60.970829,25.593314,108,6,,,,D01,,,
2017.01.09,10:20:45,10.42,11.69,3.506,0.20,5,-1.2,248.2,-0.72,509.9,725.9,0.768,0.000,0,,60.97083,25.593315,108,6,,,,D01,,,
2017.01.09,10:20:46,10.44,11.71,3.514,0.20,5,-1.2,248.2,-0.65,510.4,726.4,0.768,0.000,0,,60.970831,25.593316,108,4,,,,D01,,,
2017.01.09,10:20:47,10.42,11.70,3.503,0.20,5,-1.2,248.2,-0.67,510.2,725.8,0.768,0.000,0,,60.970831,25.593316,108,4,,,,D01,,,
2017.01.09,10:20:49,10.43,11.69,3.502,0.20,5,-1.2,248.2,-0.69,510.4,726.5,0.768,0.000,0,,60.970832,25.593318,108,6,,,,D01,,,
2017.01.09,10:20:50,10.42,11.69,3.500,0.20,5,-1.2,248.2,-0.65,510.2,726.0,0.768,0.000,0,,60.970832,25.593319,108,6,,,,D01,,,
2017.01.09,10:20:51,10.41,11.68,3.495,0.20,5,-1.2,248.2,-0.61,510.0,725.6,0.768,0.000,0,,60.970833,25.59332,108,6,,,,D01,,,
2017.01.09,10:20:52,10.42,11.69,3.494,0.20,5,-1.2,248.2,-0.63,510.0,725.7,0.768,0.000,0,,60.970833,25.59332,108,6,,,,D01,,,
2017.01.09,10:20:53,10.41,11.67,3.494,0.20,5,-1.2,248.2,-0.65,509.5,725.1,0.768,0.000,0,,60.970833,25.593321,108,6,,,,D01,,,
2017.01.09,10:20:54,10.42,11.69,3.501,0.20,5,-1.2,248.2,-0.74,510.3,726.1,0.768,0.000,0,,60.970834,25.593322,108,4,,,,D01,,,
2017.01.09,10:20:55,10.40,11.67,3.491,0.20,5,-1.2,248.2,-0.69,509.7,725.1,0.768,0.000,0,,60.970834,25.593322,108,6,,,,D01,,,
2017.01.09,10:20:56,10.42,11.69,3.491,0.20,5,-1.2,248.1,-0.57,510.1,725.8,0.768,0.000,0,,60.970833,25.593322,108,6,,,,D01,,,
2017.01.09,10:20:58,10.39,11.66,3.480,0.20,5,-1.2,248.1,-0.65,509.6,724.6,0.768,0.000,0,,60.970831,25.593322,108,6,,,,D01,,,
2017.01.09,10:20:59,10.39,11.66,3.480,0.20,5,-1.2,248.2,-0.78,509.7,725.0,0.768,0.000,0,,60.97083,25.593322,108,6,,,,D01,,,
2017.01.09,10:21:00,10.41,11.69,3.486,0.20,5,-1.2,248.2,-0.84,509.8,725.4,0.768,0.000,0,,60.970829,25.593323,108,6,,,,D01,,,
2017.01.09,10:21:01,10.42,11.68,3.485,0.20,5,-1.2,248.2,-0.69,509.9,725.3,0.768,0.000,0,,60.970828,25.593323,108,6,,,,D01,,,
2017.01.09,10:21:02,10.41,11.68,3.483,0.20,5,-1.2,248.1,-0.52,509.8,725.4,0.768,0.000,0,,60.970827,25.593323,108,6,,,,D01,,,
2017.01.09,10:21:03,10.42,11.69,3.489,0.20,5,-1.2,248.2,-0.53,509.8,725.4,0.768,0.000,0,,60.970826,25.593323,108,6,,,,D01,,,
2017.01.09,10:21:04,10.40,11.66,3.485,0.20,5,-1.2,248.2,-0.60,509.7,725.2,0.768,0.000,0,,60.970825,25.593323,108,6,,,,D01,,,
2017.01.09,10:21:05,10.41,11.69,3.487,0.20,5,-1.2,248.1,-0.71,509.7,725.2,0.768,0.000,0,,60.970824,25.593324,108,6,,,,D01,,,
2017.01.09,10:21:06,10.42,11.69,3.491,0.20,5,-1.2,248.2,-0.66,510.3,726.1,0.768,0.000,0,,60.970824,25.593324,108,6,,,,D01,,,
2017.01.09,10:21:08,10.41,11.69,3.484,0.20,5,-1.2,248.1,-0.60,510.3,726.1,0.768,0.000,0,,60.970824,25.593326,108,6,,,,D01,,,
2017.01.09,10:21:09,10.41,11.68,3.486,0.20,5,-1.2,248.1,-0.58,510.0,725.6,0.768,0.000,0,,60.970825,25.593327,108,6,,,,D01,,,
2017.01.09,10:21:10,10.42,11.68,3.489,0.20,5,-1.2,248.1,-0.65,509.9,725.5,0.768,0.000,0,,60.970826,25.593328,108,6,,,,D01,,,
2017.01.09,10:21:11,10.39,11.65,3.479,0.20,5,-1.2,248.1,-0.70,509.0,724.3,0.768,0.000,0,,60.970827,25.593328,108,4,,,,D01,,,
2017.01.09,10:21:12,10.41,11.69,3.484,0.20,5,-1.2,248.1,-0.68,509.8,725.4,0.768,0.000,0,,60.970828,25.593329,108,6,,,,D01,,,
2017.01.09,10:21:13,10.41,11.66,3.484,0.20,5,-1.2,248.1,-0.70,509.6,725.3,0.768,0.000,0,,60.970829,25.59333,108,6,,,,D01,,,
2017.01.09,10:21:14,10.41,11.66,3.486,0.20,5,-1.2,248.2,-0.71,509.8,725.3,0.768,0.000,0,,60.970829,25.59333,108,6,,,,D01,,,
2017.01.09,10:21:15,10.40,11.67,3.489,0.20,5,-1.2,248.1,-0.70,509.9,725.6,0.768,0.000,0,,60.97083,25.593331,108,6,,,,D01,,,
2017.01.09,10:21:17,10.41,11.68,3.493,0.20,5,-1.2,248.1,-0.59,509.9,725.3,0.768,0.000,0,,60.97083,25.593338,108,6,,,,D01,,,
2017.01.09,10:21:18,10.41,11.69,3.492,0.20,5,-1.2,248.2,-0.71,509.8,725.1,0.768,0.000,0,,60.97083,25.593343,108,6,,,,D01,,,
2017.01.09,10:21:19,10.41,11.69,3.490,0.20,5,-1.2,248.2,-0.80,509.8,725.5,0.768,0.000,0,,60.97083,25.593347,108,6,,,,D01,,,
2017.01.09,10:21:20,10.42,11.69,3.490,0.20,5,-1.2,248.1,-0.62,510.0,725.6,0.768,0.000,0,,60.970831,25.593351,108,6,,,,D01,,,
2017.01.09,10:21:21,10.42,11.70,3.489,0.20,5,-1.2,248.2,-0.59,510.5,725.9,0.768,0.000,0,,60.970832,25.593355,108,6,,,,D01,,,
2017.01.09,10:21:22,10.42,11.68,3.489,0.20,5,-1.2,248.1,-0.73,510.0,725.8,0.768,0.000,0,,60.970832,25.593359,108,6,,,,D01,,,
2017.01.09,10:21:23,10.43,11.70,3.495,0.20,5,-1.2,248.2,-0.68,510.3,726.5,0.768,0.000,0,,60.970833,25.593362,108,6,,,,D01,,,
2017.01.09,10:21:24,10.42,11.69,3.491,0.20,5,-1.2,248.1,-0.65,510.2,725.7,0.768,0.000,0,,60.970834,25.593365,108,4,,,,D01,,,
2017.01.09,10:21:26,10.41,11.68,3.485,0.20,5,-1.2,248.2,-0.66,510.0,725.5,0.768,0.000,0,,60.970838,25.59337,108,4,,,,D01,,,
2017.01.09,10:21:27,10.42,11.68,3.486,0.20,5,-1.2,248.1,-0.71,510.1,726.1,0.768,0.000,0,,60.970839,25.593372,108,4,,,,D01,,,
2017.01.09,10:21:28,10.40,11.67,3.480,0.20,5,-1.2,248.1,-0.75,509.9,725.4,0.768,0.000,0,,60.970841,25.593375,108,4,,,,D01,,,
2017.01.09,10:21:29,10.39,11.65,3.477,0.20,5,-1.2,248.2,-0.80,509.4,724.7,0.768,0.000,0,,60.970841,25.593376,108,4,,,,D01,,,
2017.01.09,10:21:30,10.41,11.68,3.481,0.20,5,-1.2,248.1,-0.96,509.7,725.2,0.768,0.000,0,,60.970841,25.593378,108,4,,,,D01,,,
2017.01.09,10:21:31,10.40,11.66,3.480,0.20,5,-1.2,248.2,-0.82,509.6,725.3,0.768,0.000,0,,60.970841,25.593379,108,4,,,,D01,,,
2017.01.09,10:21:32,10.42,11.69,3.485,0.20,5,-1.2,248.1,-0.60,510.0,725.4,0.768,0.000,0,,60.970841,25.59338,108,4,,,,D01,,,
2017.01.09,10:21:33,10.39,11.64,3.477,0.20,5,-1.2,248.1,-0.64,509.4,724.9,0.768,0.000,0,,60.970841,25.593381,108,4,,,,D01,,,
2017.01.09,10:21:35,10.41,11.68,3.489,0.20,5,-1.2,248.2,-0.62,510.1,725.7,0.768,0.000,0,,60.97084,25.593384,108,4,,,,D01,,,
2017.01.09,10:21:36,10.39,11.65,3.482,0.20,5,-1.2,248.0,-0.51,509.4,724.9,0.768,0.000,0,,60.97084,25.593386,108,4,,,,D01,,,
2017.01.09,10:21:37,10.41,11.68,3.486,0.20,5,-1.2,248.1,-0.58,509.6,725.3,0.768,0.000,0,,60.97084,25.593387,108,4,,,,D01,,,
2017.01.09,10:21:38,10.43,11.69,3.491,0.20,5,-1.2,248.2,-0.73,510.1,725.8,0.768,0.000,0,,60.970841,25.593388,109,4,,,,D01,,,
2017.01.09,10:21:39,10.41,11.69,3.484,0.20,5,-1.2,248.1,-0.73,509.5,725.1,0.768,0.000,0,,60.970842,25.593389,109,4,,,,D01,,,
2017.01.09,10:21:40,10.41,11.68,3.483,0.20,5,-1.2,248.1,-0.60,509.8,725.3,0.768,0.000,0,,60.970842,25.59339,109,4,,,,D01,,,
2017.01.09,10:21:41,10.42,11.69,3.485,0.20,5,-1.2,248.1,-0.65,510.2,725.9,0.768,0.000,0,,60.970843,25.59339,109,4,,,,D01,,,
2017.01.09,10:21:42,10.42,11.69,3.480,0.20,5,-1.2,248.1,-0.76,509.8,725.2,0.768,0.000,0,,60.970844,25.593391,109,4,,,,D01,,,
2017.01.09,10:21:44,10.42,11.69,3.480,0.20,5,-1.2,248.1,-0.71,510.1,725.7,0.768,0.000,0,,60.970846,25.593393,109,4,,,,D01,,,
2017.01.09,10:21:45,10.41,11.68,3.477,0.20,5,-1.2,248.1,-0.72,509.9,725.5,0.768,0.000,0,,60.970847,25.593393,109,4,,,,D01,,,
2017.01.09,10:21:46,10.40,11.66,3.472,0.20,5,-1.2,248.1,-0.81,509.3,724.7,0.768,0.000,0,,60.970849,25.593393,109,4,,,,D01,,,
2017.01.09,10:21:47,10.41,11.68,3.481,0.20,5,-1.2,248.1,-0.76,509.7,725.5,0.768,0.000,0,,60.97085,25.593393,109,4,,,,D01,,,
2017.01.09,10:21:48,10.42,11.69,3.483,0.20,5,-1.2,248.1,-0.75,510.2,726.0,0.768,0.000,0,,60.97085,25.593393,109,4,,,,D01,,,
2017.01.09,10:21:49,10.41,11.68,3.482,0.20,5,-1.2,248.1,-0.67,509.9,725.6,0.768,0.000,0,,60.970851,25.593393,109,6,,,,D01,,,
2017.01.09,10:21:50,10.40,11.68,3.475,0.20,5,-1.2,248.1,-0.50,509.7,725.3,0.768,0.000,0,,60.970851,25.593393,109,6,,,,D01,,,
2017.01.09,10:21:51,10.41,11.68,3.478,0.20,5,-1.2,248.1,-0.58,509.8,725.6,0.768,0.000,0,,60.970852,25.593393,109,6,,,,D01,,,
2017.01.09,10:21:52,10.39,11.66,3.474,0.20,5,-1.2,248.1,-0.63,509.5,725.0,0.768,0.000,0,,60.970851,25.593393,109,6,,,,D01,,,
2017.01.09,10:21:54,10.41,11.69,3.480,0.20,5,-1.2,248.1,-0.67,510.1,725.9,0.768,0.000,0,,60.97085,25.593392,109,6,,,,D01,,,
2017.01.09,10:21:55,10.40,11.66,3.481,0.20,5,-1.2,248.1,-0.77,510.0,725.6,0.768,0.000,0,,60.970848,25.593392,109,6,,,,D01,,,
2017.01.09,10:21:56,10.38,11.65,3.475,0.20,5,-1.2,248.1,-0.67,509.1,724.5,0.768,0.000,0,,60.970847,25.593392,109,6,,,,D01,,,
2017.01.09,10:21:57,10.41,11.68,3.485,0.20,5,-1.2,248.2,-0.55,510.3,726.0,0.768,0.000,0,,60.970845,25.593391,109,6,,,,D01,,,
2017.01.09,10:21:58,10.39,11.66,3.479,0.20,5,-1.2,248.1,-0.55,509.7,724.9,0.768,0.000,0,,60.970845,25.593391,109,6,,,,D01,,,
2017.01.09,10:21:59,10.41,11.67,3.487,0.20,5,-1.2,248.2,-0.62,509.9,725.5,0.768,0.000,0,,60.970843,25.593391,109,6,,,,D01,,,
2017.01.09,10:22:00,10.39,11.65,3.485,0.20,5,-1.2,248.2,-0.57,509.6,724.9,0.768,0.000,0,,60.970842,25.59339,109,6,,,,D01,,,
2017.01.09,10:22:01,10.41,11.66,3.491,0.20,5,-1.2,248.2,-0.63,509.7,725.6,0.768,0.000,0,,60.970839,25.593388,109,6,,,,D01,,,
2017.01.09,10:22:03,10.43,11.70,3.502,0.20,5,-1.2,248.2,-0.70,510.4,725.9,0.768,0.000,0,,60.970837,25.593387,109,6,,,,D01,,,
2017.01.09,10:22:04,10.44,11.70,3.500,0.20,5,-1.2,248.2,-0.62,510.2,725.8,0.768,0.000,0,,60.970836,25.593387,109,6,,,,D01,,,
2017.01.09,10:22:05,10.40,11.66,3.487,0.20,5,-1.2,248.2,-0.59,509.9,725.4,0.768,0.000,0,,60.970834,25.593386,109,6,,,,D01,,,
2017.01.09,10:22:06,10.40,11.67,3.487,0.20,5,-1.2,248.2,-0.63,509.9,725.5,0.768,0.000,0,,60.970833,25.593386,109,6,,,,D01,,,
2017.01.09,10:22:07,10.42,11.68,3.490,0.20,5,-1.2,248.2,-0.64,510.2,726.0,0.768,0.000,0,,60.970832,25.593385,109,6,,,,D01,,,
2017.01.09,10:22:08,10.41,11.67,3.486,0.20,5,-1.2,248.2,-0.51,509.9,725.4,0.768,0.000,0,,60.970832,25.593384,109,6,,,,D01,,,
2017.01.09,10:22:09,10.40,11.66,3.482,0.20,5,-1.2,248.2,-0.53,509.7,725.4,0.768,0.000,0,,60.970832,25.593383,109,6,,,,D01,,,
2017.01.09,10:22:10,10.41,11.66,3.485,0.20,5,-1.2,248.2,-0.57,510.2,726.0,0.768,0.000,0,,60.970832,25.593382,109,6,,,,D01,,,
2017.01.09,10:22:12,10.40,11.67,3.486,0.20,5,-1.2,248.2,-0.41,510.0,725.3,0.768,0.000,0,,60.970832,25.59338,109,6,,,,D01,,,
2017.01.09,10:22:13,10.42,11.69,3.493,0.20,5,-1.2,248.2,-0.37,510.6,726.4,0.768,0.000,0,,60.970832,25.593379,109,6,,,,D01,,,
2017.01.09,10:22:14,10.42,11.69,3.496,0.20,5,-1.2,248.2,-0.43,510.5,725.9,0.768,0.000,0,,60.97083,25.59338,109,6,,,,D01,,,
2017.01.09,10:22:15,10.40,11.68,3.486,0.20,5,-1.2,248.2,-0.45,510.3,725.8,0.768,0.000,0,,60.97083,25.593383,109,6,,,,D01,,,
2017.01.09,10:22:16,10.41,11.67,3.491,0.20,5,-1.2,248.3,-0.47,510.3,725.6,0.768,0.000,0,,60.970831,25.593387,109,4,,,,D01,,,
2017.01.09,10:22:17,10.42,11.69,3.494,0.20,5,-1.2,248.3,-0.48,510.5,725.9,0.768,0.000,0,,60.970833,25.59339,109,4,,,,D01,,,
2017.01.09,10:22:18,10.39,11.66,3.485,0.20,5,-1.2,248.3,-0.52,509.6,724.9,0.768,0.000,0,,60.970836,25.593394,109,4,,,,D01,,,
2017.01.09,10:22:19,10.41,11.69,3.488,0.20,5,-1.2,248.2,-0.60,510.0,725.5,0.768,0.000,0,,60.970839,25.593398,109,4,,,,D01,,,
2017.01.09,10:22:21,10.39,11.66,3.485,0.20,5,-1.2,248.3,-0.59,510.0,725.4,0.768,0.000,0,,60.970847,25.593407,109,4,,,,D01,,,
2017.01.09,10:22:22,10.41,11.68,3.500,0.20,5,-1.2,248.3,-0.56,510.0,725.5,0.768,0.000,0,,60.970848,25.59341,109,6,,,,D01,,,
2017.01.09,10:22:23,10.42,11.68,3.508,0.20,5,-1.2,248.3,-0.61,510.1,725.7,0.768,0.000,0,,60.970847,25.593412,109,6,,,,D01,,,
2017.01.09,10:22:24,10.42,11.67,3.507,0.20,5,-1.2,248.3,-0.59,510.0,725.4,0.768,0.000,0,,60.970845,25.593414,109,6,,,,D01,,,
2017.01.09,10:22:25,10.41,11.68,3.506,0.20,5,-1.2,248.3,-0.62,510.0,725.6,0.768,0.000,0,,60.970843,25.593415,109,6,,,,D01,,,
2017.01.09,10:22:26,10.42,11.70,3.508,0.20,5,-1.2,248.3,-0.65,510.3,725.8,0.768,0.000,0,,60.970842,25.593417,109,6,,,,D01,,,
2017.01.09,10:22:27,10.40,11.67,3.496,0.20,5,-1.2,248.3,-0.59,510.2,725.6,0.768,0.000,0,,60.970842,25.593421,109,6,,,,D01,,,
2017.01.09,10:22:28,10.45,11.69,3.510,0.20,5,-1.2,248.3,-0.58,510.6,726.2,0.768,0.000,0,,60.97084,25.593424,109,6,,,,D01,,,
2017.01.09,10:22:30,10.41,11.67,3.505,0.20,5,-1.2,248.3,-0.61,510.0,725.6,0.768,0.000,0,,60.970836,25.59343,109,6,,,,D01,,,
2017.01.09,10:22:31,10.41,11.69,3.503,0.20,5,-1.2,248.3,-0.54,510.3,725.7,0.768,0.000,0,,60.970833,25.593433,109,6,,,,D01,,,
2017.01.09,10:22:32,10.43,11.69,3.511,0.20,5,-1.2,248.3,-0.51,510.3,726.0,0.768,0.000,0,,60.970831,25.593436,109,6,,,,D01,,,
2017.01.09,10:22:33,10.42,11.68,3.514,0.20,5,-1.2,248.4,-0.56,510.0,725.5,0.768,0.000,0,,60.970829,25.593439,109,6,,,,D01,,,
2017.01.09,10:22:34,10.42,11.69,3.517,0.20,5,-1.2,248.4,-0.59,510.4,726.1,0.768,0.000,0,,60.970828,25.593442,109,6,,,,D01,,,
2017.01.09,10:22:35,10.43,11.69,3.520,0.20,5,-1.2,248.4,-0.67,510.1,725.4,0.768,0.000,0,,60.970827,25.593446,109,6,,,,D01,,,
2017.01.09,10:22:36,10.41,11.68,3.515,0.20,5,-1.2,248.4,-0.70,510.0,725.5,0.768,0.000,0,,60.970826,25.593449,109,6,,,,D01,,,
2017.01.09,10:22:37,10.41,11.69,3.515,0.20,5,-1.2,248.4,-0.65,509.9,725.3,0.768,0.000,0,,60.970826,25.593452,109,6,,,,D01,,,
2017.01.09,10:22:39,10.43,11.68,3.522,0.20,5,-1.2,248.4,-0.72,509.8,725.4,0.768,0.000,0,,60.970828,25.593457,109,6,,,,D01,,,
2017.01.09,10:22:40,10.40,11.67,3.514,0.20,5,-1.2,248.3,-0.70,509.6,724.8,0.768,0.000,0,,60.970831,25.593458,109,6,,,,D01,,,
2017.01.09,10:22:41,10.43,11.69,3.515,0.20,5,-1.2,248.4,-0.61,510.2,725.9,0.768,0.000,0,,60.970835,25.593459,109,6,,,,D01,,,
2017.01.09,10:22:42,10.43,11.70,3.515,0.20,5,-1.2,248.4,-0.59,510.5,726.3,0.768,0.000,0,,60.970838,25.593459,109,6,,,,D01,,,
2017.01.09,10:22:43,10.42,11.69,3.514,0.20,5,-1.2,248.4,-0.62,510.2,725.7,0.768,0.000,0,,60.970841,25.593458,109,6,,,,D01,,,
2017.01.09,10:22:44,10.42,11.69,3.513,0.20,5,-1.2,248.4,-0.68,510.3,725.8,0.768,0.000,0,,60.970843,25.593457,109,6,,,,D01,,,
2017.01.09,10:22:45,10.44,11.69,3.524,0.20,5,-1.2,248.4,-0.64,510.4,726.0,0.768,0.000,0,,60.970845,25.593456,109,6,,,,D01,,,
2017.01.09,10:22:46,10.45,11.71,3.528,0.20,5,-1.2,248.4,-0.56,510.6,726.3,0.768,0.000,0,,60.970847,25.593454,109,6,,,,D01,,,
2017.01.09,10:22:48,10.43,11.68,3.524,0.20,5,-1.2,248.4,-0.55,510.2,726.0,0.768,0.000,0,,60.970849,25.593449,109,6,,,,D01,,,
2017.01.09,10:22:49,10.41,11.69,3.522,0.20,5,-1.2,248.4,-0.64,509.8,725.5,0.768,0.000,0,,60.97085,25.593446,109,6,,,,D01,,,
2017.01.09,10:22:50,10.45,11.71,3.537,0.20,5,-1.2,248.4,-0.72,510.5,726.2,0.768,0.000,0,,60.97085,25.593443,109,6,,,,D01,,,
2017.01.09,10:22:51,10.43,11.72,3.533,0.20,5,-1.2,248.5,-0.80,510.5,726.3,0.768,0.000,0,,60.97085,25.593441,109,6,,,,D01,,,
2017.01.09,10:22:52,10.44,11.70,3.534,0.20,5,-1.2,248.4,-0.81,510.0,725.9,0.768,0.000,0,,60.970848,25.593438,109,6,,,,D01,,,
2017.01.09,10:22:53,10.44,11.71,3.534,0.20,5,-1.2,248.4,-0.74,510.4,726.2,0.768,0.000,0,,60.970845,25.593438,109,6,,,,D01,,,
2017.01.09,10:22:54,10.44,11.69,3.531,0.20,5,-1.2,248.4,-0.66,510.0,725.6,0.768,0.000,0,,60.970841,25.593438,109,6,,,,D01,,,
2017.01.09,10:22:55,10.43,11.69,3.532,0.20,5,-1.2,248.4,-0.65,510.0,725.5,0.768,0.000,0,,60.970836,25.593439,109,6,,,,D01,,,
2017.01.09,10:22:57,10.45,11.73,3.541,0.20,5,-1.2,248.4,-0.71,510.6,726.4,0.768,0.000,0,,60.970826,25.593442,109,6,,,,D01,,,
2017.01.09,10:22:58,10.44,11.70,3.542,0.20,5,-1.2,248.4,-0.66,510.4,726.1,0.768,0.000,0,,60.970822,25.593444,109,6,,,,D01,,,
2017.01.09,10:22:59,10.45,11.71,3.547,0.20,5,-1.2,248.5,-0.70,510.3,726.1,0.768,0.000,0,,60.970818,25.593445,109,6,,,,D01,,,
2017.01.09,10:23:00,10.43,11.70,3.538,0.20,5,-1.2,248.5,-0.82,510.3,726.3,0.768,0.000,0,,60.970815,25.593446,109,6,,,,D01,,,
2017.01.09,10:23:01,10.46,11.71,3.546,0.20,5,-1.2,248.4,-0.67,510.6,726.4,0.768,0.000,0,,60.970813,25.593447,109,6,,,,D01,,,
2017.01.09,10:23:02,10.46,11.73,3.550,0.20,5,-1.2,248.4,-0.63,510.7,726.6,0.768,0.000,0,,60.970812,25.593448,109,6,,,,D01,,,
2017.01.09,10:23:03,10.45,11.72,3.549,0.20,5,-1.2,248.4,-0.63,510.3,726.2,0.768,0.000,0,,60.970811,25.593448,109,6,,,,D01,,,
2017.01.09,10:23:04,10.46,11.72,3.553,0.20,5,-1.2,248.4,-0.64,510.4,726.1,0.768,0.000,0,,60.970811,25.593448,109,6,,,,D01,,,
2017.01.09,10:23:06,10.43,11.71,3.543,0.20,5,-1.2,248.4,-0.66,509.9,725.4,0.768,0.000,0,,60.970812,25.593447,109,6,,,,D01,,,
2017.01.09,10:23:07,10.43,11.69,3.534,0.20,5,-1.2,248.4,-0.59,509.7,725.4,0.768,0.000,0,,60.970812,25.593446,109,6,,,,D01,,,
2017.01.09,10:23:08,10.44,11.71,3.540,0.20,5,-1.2,248.4,-0.77,510.2,725.8,0.768,0.000,0,,60.970814,25.593448,109,6,,,,D01,,,
2017.01.09,10:23:09,10.44,11.70,3.544,0.20,5,-1.2,248.4,-0.89,510.1,725.9,0.768,0.000,0,,60.970816,25.593451,109,6,,,,D01,,,
2017.01.09,10:23:10,10.44,11.71,3.548,0.20,5,-1.2,248.4,-0.81,510.3,726.0,0.768,0.000,0,,60.970818,25.593454,109,6,,,,D01,,,
2017.01.09,10:23:11,10.43,11.70,3.546,0.20,5,-1.2,248.5,-0.70,510.1,725.8,0.768,0.000,0,,60.97082,25.593456,109,6,,,,D01,,,
2017.01.09,10:23:12,10.46,11.72,3.553,0.20,5,-1.2,248.4,-0.67,510.6,726.3,0.768,0.000,0,,60.970821,25.593456,109,6,,,,D01,,,
2017.01.09,10:23:14,10.44,11.70,3.547,0.20,5,-1.2,248.4,-0.72,509.9,725.3,0.768,0.000,0,,60.970824,25.593455,109,6,,,,D01,,,
2017.01.09,10:23:15,10.45,11.72,3.548,0.20,5,-1.2,248.4,-0.71,510.4,726.5,0.768,0.000,0,,60.970825,25.593453,109,6,,,,D01,,,
2017.01.09,10:23:16,10.44,11.70,3.540,0.20,5,-1.2,248.4,-0.82,509.9,725.3,0.768,0.000,0,,60.970826,25.593451,109,6,,,,D01,,,
2017.01.09,10:23:17,10.45,11.73,3.541,0.20,5,-1.2,248.4,-0.91,510.5,726.5,0.768,0.000,0,,60.970828,25.593449,109,6,,,,D01,,,
2017.01.09,10:23:18,10.42,11.68,3.530,0.20,5,-1.2,248.4,-0.71,509.5,725.1,0.768,0.000,0,,60.970829,25.593447,109,6,,,,D01,,,
2017.01.09,10:23:19,10.45,11.72,3.541,0.20,5,-1.2,248.4,-0.58,510.3,726.3,0.768,0.000,0,,60.97083,25.593445,109,6,,,,D01,,,
2017.01.09,10:23:20,10.43,11.69,3.531,0.20,5,-1.2,248.5,-0.67,510.2,725.9,0.768,0.000,0,,60.97083,25.593443,109,6,,,,D01,,,
2017.01.09,10:23:21,10.44,11.70,3.533,0.20,5,-1.2,248.4,-0.76,510.5,726.5,0.768,0.000,0,,60.970831,25.593441,109,6,,,,D01,,,
2017.01.09,10:23:23,10.43,11.68,3.532,0.20,5,-1.2,248.5,-0.76,509.7,725.3,0.768,0.000,0,,60.970832,25.593437,109,6,,,,D01,,,
2017.01.09,10:23:24,10.45,11.72,3.550,0.20,5,-1.2,248.5,-0.71,510.5,726.3,0.768,0.000,0,,60.970832,25.593435,109,6,,,,D01,,,
2017.01.09,10:23:25,10.42,11.71,3.539,0.20,5,-1.2,248.5,-0.72,509.9,725.4,0.768,0.000,0,,60.970832,25.593433,109,6,,,,D01,,,
2017.01.09,10:23:26,10.43,11.70,3.537,0.20,5,-1.2,248.5,-0.84,509.7,725.3,0.768,0.000,0,,60.970832,25.593431,109,6,,,,D01,,,
2017.01.09,10:23:27,10.44,11.70,3.543,0.20,5,-1.2,248.5,-0.81,509.9,725.5,0.768,0.000,0,,60.970832,25.593429,109,6,,,,D01,,,
2017.01.09,10:23:28,10.44,11.70,3.543,0.20,5,-1.2,248.4,-0.71,510.0,725.5,0.768,0.000,0,,60.970831,25.593428,109,6,,,,D01,,,
2017.01.09,10:23:29,10.44,11.72,3.540,0.20,5,-1.2,248.5,-0.69,510.2,725.9,0.768,0.000,0,,60.970831,25.593426,109,6,,,,D01,,,
2017.01.09,10:23:30,10.43,11.69,3.528,0.20,5,-1.2,248.5,-0.64,509.7,725.2,0.768,0.000,0,,60.970831,25.593424,109,6,,,,D01,,,
2017.01.09,10:23:32,10.41,11.68,3.523,0.20,5,-1.2,248.5,-0.62,509.7,725.0,0.768,0.000,0,,60.970831,25.593421,109,6,,,,D01,,,
2017.01.09,10:23:33,10.43,11.69,3.530,0.20,5,-1.2,248.4,-0.53,509.9,725.4,0.768,0.000,0,,60.970831,25.59342,109,6,,,,D01,,,
2017.01.09,10:23:34,10.44,11.69,3.538,0.20,5,-1.2,248.4,-0.63,510.0,725.5,0.768,0.000,0,,60.970831,25.593419,109,6,,,,D01,,,
2017.01.09,10:23:35,10.44,11.69,3.543,0.20,5,-1.2,248.5,-0.64,510.1,725.6,0.768,0.000,0,,60.970831,25.593418,109,6,,,,D01,,,
2017.01.09,10:23:36,10.43,11.69,3.542,0.20,5,-1.2,248.5,-0.55,509.8,725.2,0.768,0.000,0,,60.970831,25.593417,109,6,,,,D01,,,
2017.01.09,10:23:37,10.44,11.70,3.546,0.20,5,-1.2,248.5,-0.62,509.9,725.6,0.768,0.000,0,,60.970831,25.593417,109,6,,,,D01,,,
2017.01.09,10:23:38,10.45,11.71,3.552,0.20,5,-1.2,248.5,-0.67,510.2,726.1,0.768,0.000,0,,60.970831,25.593416,109,6,,,,D01,,,
2017.01.09,10:23:39,10.44,11.72,3.551,0.20,5,-1.2,248.5,-0.70,510.1,726.0,0.768,0.000,0,,60.97083,25.593415,109,6,,,,D01,,,
2017.01.09,10:23:41,10.44,11.72,3.540,0.20,5,-1.2,248.5,-0.67,510.0,725.7,0.768,0.000,0,,60.970829,25.593414,109,6,,,,D01,,,
2017.01.09,10:23:42,10.44,11.69,3.535,0.20,5,-1.2,248.5,-0.70,509.8,725.4,0.768,0.000,0,,60.970828,25.593413,109,6,,,,D01,,,
2017.01.09,10:23:43,10.42,11.67,3.530,0.20,5,-1.2,248.5,-0.72,509.5,725.0,0.768,0.000,0,,60.970827,25.593412,109,6,,,,D01,,,
2017.01.09,10:23:44,10.44,11.72,3.537,0.20,5,-1.2,248.5,-0.65,510.3,725.9,0.768,0.000,0,,60.970826,25.593413,109,6,,,,D01,,,
2017.01.09,10:23:45,10.43,11.68,3.529,0.20,5,-1.2,248.5,-0.65,509.6,725.1,0.768,0.000,0,,60.970825,25.593413,109,6,,,,D01,,,
2017.01.09,10:23:46,10.42,11.68,3.535,0.20,5,-1.2,248.4,-0.68,509.3,724.8,0.768,0.000,0,,60.970824,25.593414,109,6,,,,D01,,,
2017.01.09,10:23:47,10.46,11.74,3.561,0.20,5,-1.2,248.5,-0.64,510.6,726.7,0.768,0.000,0,,60.970823,25.593415,109,6,,,,D01,,,
2017.01.09,10:23:48,10.43,11.71,3.550,0.20,5,-1.2,248.5,-0.50,509.8,725.2,0.768,0.000,0,,60.970823,25.593416,109,6,,,,D01,,,
2017.01.09,10:23:50,10.46,11.73,3.556,0.20,5,-1.2,248.5,-0.64,510.6,726.5,0.768,0.000,0,,60.970823,25.593421,109,6,,,,D01,,,
2017.01.09,10:23:51,10.46,11.72,3.552,0.20,5,-1.2,248.4,-0.76,510.5,726.0,0.768,0.000,0,,60.970823,25.593424,109,6,,,,D01,,,
2017.01.09,10:23:52,10.46,11.73,3.553,0.20,5,-1.2,248.5,-0.70,510.5,726.2,0.768,0.000,0,,60.970823,25.593426,109,6,,,,D01,,,
2017.01.09,10:23:53,10.44,11.72,3.546,0.20,5,-1.2,248.4,-0.75,510.2,725.9,0.768,0.000,0,,60.970823,25.593428,109,6,,,,D01,,,
2017.01.09,10:23:54,10.44,11.71,3.541,0.20,5,-1.2,248.5,-0.79,510.1,725.6,0.768,0.000,0,,60.970824,25.593431,109,6,,,,D01,,,
2017.01.09,10:23:55,10.45,11.72,3.545,0.20,5,-1.2,248.4,-0.70,510.8,726.3,0.768,0.000,0,,60.970824,25.593433,109,6,,,,D01,,,
2017.01.09,10:23:56,10.44,11.70,3.541,0.20,5,-1.2,248.4,-0.66,509.9,725.5,0.768,0.000,0,,60.970825,25.593435,109,6,,,,D01,,,
2017.01.09,10:23:57,10.43,11.70,3.539,0.20,5,-1.2,248.5,-0.75,509.9,725.6,0.768,0.000,0,,60.970826,25.593437,109,6,,,,D01,,,
2017.01.09,10:23:59,10.45,11.71,3.544,0.20,5,-1.2,248.5,-0.78,510.3,726.1,0.768,0.000,0,,60.970826,25.593438,109,6,,,,D01,,,
2017.01.09,10:24:00,10.42,11.70,3.534,0.20,5,-1.2,248.4,-0.68,509.9,725.6,0.768,0.000,0,,60.970826,25.593438,109,6,,,,D01,,,
2017.01.09,10:24:01,10.45,11.70,3.544,0.20,5,-1.2,248.5,-0.66,510.4,726.1,0.768,0.000,1.4,,60.970828,25.593437,109,6,,,,D01,,,
2017.01.09,10:24:02,10.42,11.69,3.532,0.20,5,-1.2,248.5,-0.67,509.8,725.4,0.768,0.000,0,,60.970828,25.593439,109,6,,,,D01,,,
2017.01.09,10:24:03,10.42,11.70,3.530,0.20,5,-1.2,248.4,-0.56,509.9,725.4,0.768,0.000,0,,60.970829,25.59344,109,6,,,,D01,,,
2017.01.09,10:24:04,10.45,11.71,3.544,0.20,5,-1.2,248.5,-0.55,510.6,726.2,0.768,0.000,0,,60.970829,25.593441,109,6,,,,D01,,,
2017.01.09,10:24:05,10.46,11.72,3.548,0.20,5,-1.2,248.4,-0.66,510.8,726.6,0.768,0.000,0,,60.97083,25.593442,109,6,,,,D01,,,
2017.01.09,10:24:06,10.44,11.71,3.545,0.20,5,-1.2,248.4,-0.67,510.1,725.4,0.768,0.000,0,,60.97083,25.593442,109,6,,,,D01,,,
2017.01.09,10:24:08,10.43,11.70,3.540,0.20,5,-1.2,248.4,-0.62,509.9,725.5,0.768,0.000,0,,60.970831,25.593442,109,6,,,,D01,,,
2017.01.09,10:24:09,10.43,11.69,3.535,0.20,5,-1.2,248.4,-0.69,509.8,725.3,0.768,0.000,0,,60.970831,25.593441,109,6,,,,D01,,,
2017.01.09,10:24:10,10.44,11.70,3.542,0.20,5,-1.2,248.4,-0.80,510.2,725.9,0.768,0.000,0,,60.970832,25.593439,109,6,,,,D01,,,
2017.01.09,10:24:11,10.44,11.71,3.542,0.20,5,-1.2,248.4,-0.65,510.3,726.1,0.768,0.000,0,,60.970832,25.593438,109,6,,,,D01,,,
2017.01.09,10:24:12,10.46,11.73,3.548,0.20,5,-1.2,248.4,-0.72,510.8,726.7,0.768,0.000,0,,60.970833,25.593436,109,6,,,,D01,,,
2017.01.09,10:24:13,10.45,11.72,3.546,0.20,5,-1.2,248.4,-0.82,510.3,726.3,0.768,0.000,0,,60.970834,25.593434,109,6,,,,D01,,,
2017.01.09,10:24:14,10.42,11.68,3.531,0.20,5,-1.2,248.4,-0.74,509.6,725.1,0.768,0.000,0,,60.970833,25.593433,109,6,,,,D01,,,
2017.01.09,10:24:15,10.43,11.70,3.532,0.20,5,-1.2,248.4,-0.73,510.2,725.7,0.768,0.000,0,,60.970834,25.593432,109,6,,,,D01,,,
2017.01.09,10:24:17,10.41,11.69,3.525,0.20,5,-1.2,248.5,-0.67,509.8,725.3,0.768,0.000,0,,60.970836,25.593427,109,6,,,,D01,,,
2017.01.09,10:24:18,10.43,11.69,3.525,0.20,5,-1.2,248.4,-0.56,509.9,725.5,0.768,0.000,0,,60.970837,25.593425,109,6,,,,D01,,,
2017.01.09,10:24:19,10.44,11.70,3.533,0.20,5,-1.2,248.4,-0.56,509.9,725.6,0.768,0.000,0,,60.970838,25.593423,109,6,,,,D01,,,
2017.01.09,10:24:20,10.43,11.72,3.534,0.20,5,-1.2,248.4,-0.63,510.4,726.0,0.768,0.000,0,,60.970839,25.593421,109,6,,,,D01,,,
2017.01.09,10:24:21,10.44,11.71,3.538,0.20,5,-1.2,248.4,-0.82,510.1,725.5,0.768,0.000,0,,60.970839,25.593419,109,6,,,,D01,,,
2017.01.09,10:24:22,10.45,11.70,3.541,0.20,5,-1.2,248.4,-0.85,510.5,726.0,0.768,0.000,0,,60.97084,25.593418,109,6,,,,D01,,,
2017.01.09,10:24:23,10.44,11.71,3.537,0.20,5,-1.2,248.4,-0.65,510.3,725.9,0.768,0.000,0,,60.970841,25.593416,109,6,,,,D01,,,
2017.01.09,10:24:24,10.42,11.70,3.530,0.20,5,-1.2,248.4,-0.65,509.9,725.8,0.768,0.000,0,,60.970841,25.593414,109,6,,,,D01,,,
2017.01.09,10:24:26,10.43,11.70,3.531,0.20,5,-1.2,248.4,-0.68,510.3,725.8,0.768,0.000,0,,60.970843,25.59341,109,6,,,,D01,,,
2017.01.09,10:24:27,10.43,11.69,3.532,0.20,5,-1.2,248.4,-0.66,510.0,725.5,0.768,0.000,0,,60.970843,25.593409,109,6,,,,D01,,,
2017.01.09,10:24:28,10.42,11.68,3.531,0.20,5,-1.2,248.4,-0.64,509.9,725.3,0.768,0.000,0,,60.970843,25.593407,109,6,,,,D01,,,
2017.01.09,10:24:29,10.44,11.71,3.538,0.20,5,-1.2,248.4,-0.68,510.2,725.8,0.768,0.000,0,,60.970843,25.593406,109,6,,,,D01,,,
2017.01.09,10:24:30,10.43,11.70,3.533,0.20,5,-1.2,248.5,-0.68,509.9,725.3,0.768,0.000,0,,60.970842,25.593404,109,6,,,,D01,,,
2017.01.09,10:24:31,10.44,11.70,3.531,0.20,5,-1.2,248.4,-0.65,510.3,725.8,0.768,0.000,0,,60.970842,25.593403,109,6,,,,D01,,,
2017.01.09,10:24:32,10.46,11.72,3.538,0.20,5,-1.2,248.5,-0.65,510.7,726.7,0.768,0.000,0,,60.970839,25.593404,109,6,,,,D01,,,
2017.01.09,10:24:33,10.42,11.68,3.531,0.20,5,-1.2,248.4,-0.71,509.7,725.4,0.768,0.000,0,,60.970832,25.593409,109,6,,,,D01,,,
2017.01.09,10:24:35,10.45,11.72,3.541,0.20,5,-1.2,248.4,-0.69,510.5,726.2,0.768,0.000,0,,60.97083,25.593409,109,6,,,,D01,,,
2017.01.09,10:24:36,10.44,11.69,3.538,0.20,5,-1.2,248.5,-0.61,510.1,725.5,0.768,0.000,0,,60.97083,25.593408,109,6,,,,D01,,,
2017.01.09,10:24:37,10.43,11.70,3.534,0.20,5,-1.2,248.5,-0.60,510.1,725.6,0.768,0.000,0,,60.970829,25.593407,109,6,,,,D01,,,
2017.01.09,10:24:38,10.46,11.72,3.547,0.20,5,-1.2,248.5,-0.61,510.6,726.4,0.768,0.000,0,,60.970829,25.593406,109,6,,,,D01,,,
2017.01.09,10:24:39,10.44,11.72,3.541,0.20,5,-1.2,248.4,-0.72,510.4,725.9,0.768,0.000,0,,60.970829,25.593405,109,6,,,,D01,,,
2017.01.09,10:24:40,10.40,11.68,3.520,0.20,5,-1.2,248.4,-0.76,509.8,725.2,0.768,0.000,0,,60.970827,25.593406,109,6,,,,D01,,,
2017.01.09,10:24:41,10.41,11.69,3.520,0.20,5,-1.2,248.5,-0.68,510.0,725.4,0.768,0.000,0,,60.970824,25.593408,109,6,,,,D01,,,
2017.01.09,10:24:42,10.44,11.70,3.527,0.20,5,-1.2,248.5,-0.56,510.3,726.0,0.768,0.000,0,,60.970819,25.593411,109,6,,,,D01,,,
2017.01.09,10:24:44,10.44,11.70,3.525,0.20,5,-1.2,248.4,-0.55,510.0,725.4,0.768,0.000,0,,60.970817,25.593413,109,6,,,,D01,,,
2017.01.09,10:24:45,10.40,11.67,3.511,0.20,5,-1.2,248.5,-0.63,509.3,724.6,0.768,0.000,0,,60.970815,25.593414,109,6,,,,D01,,,
2017.01.09,10:24:46,10.43,11.69,3.522,0.20,5,-1.2,248.5,-0.53,510.0,725.9,0.768,0.000,0,,60.970814,25.593415,109,6,,,,D01,,,
2017.01.09,10:24:47,10.42,11.67,3.518,0.20,5,-1.2,248.5,-0.55,509.8,725.2,0.768,0.000,0,,60.970814,25.593414,109,6,,,,D01,,,
2017.01.09,10:24:48,10.43,11.70,3.523,0.20,5,-1.2,248.4,-0.66,510.3,726.0,0.768,0.000,0,,60.970815,25.593412,109,6,,,,D01,,,
2017.01.09,10:24:49,10.41,11.67,3.516,0.20,5,-1.2,248.5,-0.79,509.5,724.9,0.768,0.000,0,,60.970817,25.59341,109,6,,,,D01,,,
2017.01.09,10:24:50,10.43,11.69,3.526,0.20,5,-1.2,248.5,-0.82,510.1,725.7,0.768,0.000,0,,60.970825,25.593409,109,4,,,,D01,,,
2017.01.09,10:24:51,10.45,11.72,3.542,0.20,5,-1.2,248.5,-0.70,510.5,726.5,0.768,0.000,0,,60.970832,25.593408,109,4,,,,D01,,,
2017.01.09,10:24:53,10.44,11.71,3.540,0.20,5,-1.2,248.5,-0.78,510.3,726.0,0.768,0.000,0,,60.970844,25.593405,109,4,,,,D01,,,
2017.01.09,10:24:54,10.45,11.72,3.546,0.20,5,-1.2,248.5,-0.76,510.4,726.3,0.768,0.000,0,,60.970848,25.593404,109,4,,,,D01,,,
2017.01.09,10:24:55,10.43,11.70,3.533,0.20,5,-1.2,248.5,-0.72,509.9,725.2,0.768,0.000,0,,60.970851,25.593402,109,4,,,,D01,,,
2017.01.09,10:24:56,10.43,11.71,3.530,0.20,5,-1.2,248.5,-0.73,510.3,726.0,0.768,0.000,0,,60.970854,25.5934,109,4,,,,D01,,,
2017.01.09,10:24:57,10.41,11.66,3.521,0.20,5,-1.2,248.5,-0.66,509.4,724.8,0.768,0.000,0,,60.970855,25.593398,109,4,,,,D01,,,
2017.01.09,10:24:58,10.42,11.67,3.524,0.20,5,-1.2,248.5,-0.67,509.5,724.9,0.768,0.000,0,,60.970856,25.593396,109,4,,,,D01,,,
2017.01.09,10:24:59,10.42,11.70,3.532,0.20,5,-1.2,248.5,-0.71,509.9,725.5,0.768,0.000,0,,60.970857,25.593394,109,4,,,,D01,,,
2017.01.09,10:25:00,10.44,11.71,3.539,0.20,5,-1.2,248.5,-0.72,510.2,725.8,0.768,0.000,0,,60.970859,25.593394,109,4,,,,D01,,,
2017.01.09,10:25:02,10.53,11.77,3.584,0.20,5,-1.2,248.9,-0.70,510.3,726.1,0.768,0.000,0,,60.970861,25.593394,109,4,,,,D01,,,
2017.01.09,10:25:03,10.51,11.78,3.599,0.19,5,-1.2,248.7,-0.82,510.4,726.2,0.768,0.000,0,,60.970862,25.593394,109,4,,,,D01,,,
2017.01.09,10:25:04,10.45,11.73,3.574,0.19,5,-1.2,248.6,-0.75,509.9,725.6,0.768,0.000,0,,60.970864,25.593393,109,4,,,,D01,,,
2017.01.09,10:25:05,10.47,11.72,3.566,0.19,5,-1.2,248.6,-0.71,510.1,725.8,0.768,0.000,0,,60.970865,25.593392,109,4,,,,D01,,,
2017.01.09,10:25:06,10.46,11.70,3.568,0.19,5,-1.2,248.6,-0.72,509.8,725.4,0.768,0.000,0,,60.970866,25.593391,109,4,,,,D01,,,
2017.01.09,10:25:07,10.47,11.75,3.581,0.19,5,-1.2,248.6,-0.63,510.2,725.8,0.768,0.000,0,,60.970868,25.593391,109,4,,,,D01,,,
2017.01.09,10:25:08,10.43,11.71,3.565,0.19,5,-1.2,248.6,-0.71,509.5,724.7,0.768,0.000,0,,60.970869,25.59339,109,4,,,,D01,,,
2017.01.09,10:25:09,10.45,11.74,3.554,0.19,5,-1.2,248.5,-0.80,510.3,725.9,0.768,0.000,0,,60.970872,25.59339,109,4,,,,D01,,,
2017.01.09,10:25:11,10.43,11.70,3.543,0.19,5,-1.2,248.5,-0.72,510.0,726.0,0.768,0.000,0,,60.970874,25.59339,109,4,,,,D01,,,
2017.01.09,10:25:12,10.44,11.72,3.542,0.19,5,-1.2,248.5,-0.61,510.4,726.3,0.768,0.000,0,,60.970875,25.593391,109,4,,,,D01,,,
2017.01.09,10:25:13,10.44,11.70,3.544,0.19,5,-1.2,248.5,-0.65,510.1,725.8,0.768,0.000,0,,60.970877,25.593392,109,4,,,,D01,,,
2017.01.09,10:25:14,10.45,11.71,3.553,0.19,5,-1.2,248.5,-0.62,510.1,726.0,0.768,0.000,0,,60.970874,25.593392,109,6,,,,D01,,,
2017.01.09,10:25:15,10.44,11.72,3.543,0.20,5,-1.2,248.4,-0.62,510.4,726.1,0.768,0.000,0,,60.970868,25.59339,109,6,,,,D01,,,
2017.01.09,10:25:16,10.42,11.71,3.514,0.20,5,-1.2,248.2,-0.64,510.1,725.6,0.768,0.000,0,,60.970861,25.593389,109,6,,,,D01,,,
2017.01.09,10:25:17,10.42,11.70,3.486,0.20,5,-1.3,248.1,-0.67,510.3,725.1,0.768,0.000,0,,60.970854,25.593387,109,6,,,,D01,,,
2017.01.09,10:25:18,10.41,11.66,3.475,0.20,5,-1.3,248.3,-0.64,510.0,725.6,0.768,0.000,0,,60.970847,25.593385,109,6,,,,D01,,,
2017.01.09,10:25:20,10.40,11.67,3.484,0.20,5,-1.3,248.3,-0.54,509.7,724.9,0.768,0.000,0,,60.970838,25.593379,109,6,,,,D01,,,
2017.01.09,10:25:21,10.43,11.70,3.503,0.20,5,-1.3,248.3,-0.54,509.9,725.5,0.768,0.000,0,,60.970834,25.593377,109,6,,,,D01,,,
2017.01.09,10:25:22,10.43,11.71,3.508,0.20,5,-1.3,248.3,-0.65,510.1,725.7,0.768,0.000,0,,60.97083,25.593375,109,6,,,,D01,,,
2017.01.09,10:25:23,10.43,11.69,3.507,0.20,5,-1.3,248.4,-0.66,509.8,725.1,0.768,0.000,0,,60.970828,25.593373,109,6,,,,D01,,,
2017.01.09,10:25:24,10.44,11.69,3.510,0.20,5,-1.2,248.4,-0.58,510.0,725.2,0.768,0.000,0,,60.970826,25.593371,109,6,,,,D01,,,
2017.01.09,10:25:25,10.43,11.69,3.513,0.20,5,-1.2,248.4,-0.58,509.9,725.3,0.768,0.000,0,,60.970825,25.59337,109,6,,,,D01,,,
2017.01.09,10:25:26,10.42,11.67,3.528,0.20,5,-1.2,248.5,-0.63,510.1,725.5,0.768,0.000,0,,60.970823,25.593369,109,6,,,,D01,,,
2017.01.09,10:25:27,10.43,11.68,3.543,0.20,5,-1.2,248.5,-0.58,510.2,725.8,0.768,0.000,0,,60.970822,25.593368,109,6,,,,D01,,,
2017.01.09,10:25:29,10.43,11.70,3.545,0.20,5,-1.2,248.5,-0.52,510.4,725.9,0.768,0.000,1.4,,60.970822,25.593366,109,6,,,,D01,,,
2017.01.09,10:25:30,10.40,11.66,3.532,0.20,5,-1.2,248.6,-0.59,509.8,725.3,0.768,0.000,0,,60.97082,25.593366,109,6,,,,D01,,,
2017.01.09,10:25:31,10.35,11.58,3.518,0.20,5,-1.2,248.5,-0.54,510.1,725.7,0.768,0.000,0,,60.970819,25.593366,109,6,,,,D01,,,
2017.01.09,10:25:32,10.37,11.56,3.533,0.20,5,-1.2,248.5,-0.55,510.5,725.9,0.768,0.000,1.5,,60.970821,25.593365,109,6,,,,D01,,,
2017.01.09,10:25:33,10.40,11.62,3.585,0.19,5,-1.2,248.5,-0.60,510.2,725.6,0.768,0.000,0,,60.97082,25.593363,109,6,,,,D01,,,
2017.01.09,10:25:34,10.37,11.63,3.609,0.19,5,-1.2,248.5,-0.64,510.6,726.1,0.768,0.000,0,,60.97082,25.593362,109,6,,,,D01,,,
2017.01.09,10:25:35,10.36,11.59,3.610,0.19,5,-1.2,248.5,-0.59,510.3,725.7,0.768,0.000,0,,60.97082,25.59336,109,6,,,,D01,,,
2017.01.09,10:25:37,10.37,11.60,3.611,0.19,5,-1.2,248.4,-0.49,510.3,725.6,0.768,0.000,0,,60.970819,25.593358,109,6,,,,D01,,,
2017.01.09,10:25:38,10.34,11.58,3.604,0.19,5,-1.2,248.5,-0.51,509.9,725.2,0.768,0.000,0,,60.970818,25.593357,109,6,,,,D01,,,
2017.01.09,10:25:39,10.31,11.58,3.592,0.19,5,-1.2,248.5,-0.57,510.5,726.0,0.768,0.000,0,,60.970818,25.593354,109,6,,,,D01,,,
2017.01.09,10:25:40,10.27,11.53,3.563,0.19,5,-1.2,248.5,-0.56,510.3,725.6,0.768,0.000,0,,60.970818,25.593352,109,6,,,,D01,,,
2017.01.09,10:25:41,10.36,11.58,3.588,0.19,5,-1.2,248.5,-0.51,510.4,726.1,0.768,0.000,0,,60.970818,25.59335,109,6,,,,D01,,,
2017.01.09,10:25:42,10.37,11.60,3.600,0.19,5,-1.2,248.4,-0.58,510.4,725.7,0.768,0.000,0,,60.970818,25.593348,109,6,,,,D01,,,
2017.01.09,10:25:43,10.35,11.59,3.603,0.19,5,-1.2,248.4,-0.61,510.1,725.4,0.768,0.000,0,,60.970817,25.593348,109,6,,,,D01,,,
2017.01.09,10:25:44,10.36,11.61,3.610,0.19,5,-1.2,248.5,-0.46,510.4,725.8,0.768,0.000,0,,60.970815,25.593348,109,6,,,,D01,,,
2017.01.09,10:25:46,10.33,11.59,3.595,0.19,5,-1.2,248.5,-0.42,510.2,725.4,0.768,0.000,0,,60.970814,25.593351,109,6,,,,D01,,,
2017.01.09,10:25:47,10.28,11.53,3.569,0.19,5,-1.2,248.4,-0.54,510.4,725.9,0.768,0.000,0,,60.970813,25.593353,109,6,,,,D01,,,
2017.01.09,10:25:48,10.32,11.56,3.578,0.19,5,-1.2,248.4,-0.55,510.1,725.4,0.768,0.000,0,,60.970814,25.593354,109,6,,,,D01,,,
2017.01.09,10:25:49,10.36,11.59,3.597,0.19,5,-1.2,248.5,-0.45,510.5,725.9,0.768,0.000,0,,60.970814,25.593355,109,6,,,,D01,,,
2017.01.09,10:25:50,10.36,11.60,3.603,0.19,5,-1.2,248.4,-0.53,510.5,726.0,0.768,0.000,0,,60.970815,25.593356,109,6,,,,D01,,,
2017.01.09,10:25:51,10.36,11.59,3.606,0.19,5,-1.3,248.4,-0.60,510.2,725.8,0.768,0.000,0,,60.970818,25.593357,109,6,,,,D01,,,
2017.01.09,10:25:52,10.35,11.59,3.604,0.19,5,-1.3,248.5,-0.50,510.4,725.8,0.768,0.000,0,,60.97082,25.593358,108,6,,,,D01,,,
2017.01.09,10:25:53,10.35,11.59,3.603,0.19,5,-1.3,248.5,-0.50,510.2,725.6,0.768,0.000,0,,60.970823,25.593359,108,6,,,,D01,,,
2017.01.09,10:25:55,10.34,11.58,3.596,0.19,5,-1.3,248.4,-0.53,509.7,725.0,0.768,0.000,0,,60.970828,25.59336,108,6,,,,D01,,,
2017.01.09,10:25:56,10.34,11.58,3.595,0.19,5,-1.3,248.4,-0.71,510.2,725.4,0.768,0.000,0,,60.97083,25.593361,108,6,,,,D01,,,
2017.01.09,10:25:57,10.36,11.62,3.604,0.19,5,-1.3,248.4,-0.77,510.7,726.3,0.768,0.000,0,,60.97083,25.593362,108,6,,,,D01,,,
2017.01.09,10:25:58,10.34,11.60,3.595,0.19,5,-1.2,248.4,-0.69,510.4,725.8,0.768,0.000,0,,60.97083,25.593363,108,6,,,,D01,,,
2017.01.09,10:25:59,10.34,11.59,3.593,0.19,5,-1.2,248.4,-0.62,510.0,725.4,0.768,0.000,0,,60.97083,25.593364,108,6,,,,D01,,,
2017.01.09,10:26:00,10.35,11.61,3.596,0.19,5,-1.2,248.4,-0.56,510.6,726.0,0.768,0.000,0,,60.970829,25.593365,108,6,,,,D01,,,
2017.01.09,10:26:01,10.29,11.56,3.574,0.19,5,-1.2,248.4,-0.67,509.9,725.1,0.768,0.000,0,,60.970828,25.593366,108,6,,,,D01,,,
2017.01.09,10:26:02,10.34,11.57,3.593,0.19,5,-1.2,248.4,-0.63,509.9,725.4,0.768,0.000,0,,60.970827,25.593367,108,6,,,,D01,,,
2017.01.09,10:26:04,10.35,11.60,3.603,0.19,5,-1.2,248.4,-0.50,510.4,725.8,0.768,0.000,0,,60.970824,25.593369,108,6,,,,D01,,,
2017.01.09,10:26:05,10.36,11.61,3.607,0.19,5,-1.2,248.4,-0.46,510.5,726.0,0.768,0.000,0,,60.970822,25.59337,108,6,,,,D01,,,
2017.01.09,10:26:06,10.35,11.60,3.602,0.19,5,-1.2,248.4,-0.57,510.3,725.6,0.768,0.000,0,,60.97082,25.593372,108,6,,,,D01,,,
2017.01.09,10:26:07,10.36,11.60,3.608,0.19,5,-1.2,248.4,-0.62,510.6,726.1,0.768,0.000,0,,60.970818,25.593374,108,6,,,,D01,,,
2017.01.09,10:26:08,10.37,11.62,3.610,0.19,5,-1.2,248.4,-0.68,510.8,726.5,0.768,0.000,0,,60.970816,25.593376,108,6,,,,D01,,,
